1,LAEGREID Sturla Holm,НОРВЕГИЯ,1:20:19.3 [0+11] 0.0,doubleES
1,BOE Johannes Thingnes,НОРВЕГИЯ,1:20:19.3 [0+11] 0.0,doubleES
1,ECKHOFF Tiril,НОРВЕГИЯ,1:20:19.3 [0+11] 0.0,doubleES
1,ROEISELAND Marte Olsbu,НОРВЕГИЯ,1:20:19.3 [0+11] 0.0,doubleES
2,KOMATZ David,АВСТРИЯ,1:20:46.3 [0+2] +27.0,doubleES
2,EDER Simon,АВСТРИЯ,1:20:46.3 [0+2] +27.0,doubleES
2,ZDOUC Dunja,АВСТРИЯ,1:20:46.3 [0+2] +27.0,doubleES
2,HAUSER Lisa Theresa,АВСТРИЯ,1:20:46.3 [0+2] +27.0,doubleES
3,SAMUELSSON Sebastian,ШВЕЦИЯ,1:20:49.9 [0+8] +30.6,doubleES
3,PONSILUOMA Martin,ШВЕЦИЯ,1:20:49.9 [0+8] +30.6,doubleES
3,PERSSON Linn,ШВЕЦИЯ,1:20:49.9 [0+8] +30.6,doubleES
3,OEBERG Hanna,ШВЕЦИЯ,1:20:49.9 [0+8] +30.6,doubleES
4,PRYMA Artem,УКРАИНА,1:20:50.4 [0+8] +31.1,doubleES
4,PIDRUCHNYI Dmytro,УКРАИНА,1:20:50.4 [0+8] +31.1,doubleES
4,DZHIMA Yuliia,УКРАИНА,1:20:50.4 [0+8] +31.1,doubleES
4,PIDHRUSHNA Olena,УКРАИНА,1:20:50.4 [0+8] +31.1,doubleES
5,JACQUELIN Emilien,ФРАНЦИЯ,1:21:05.5 [1+10] +46.2,doubleES
5,FILLON MAILLET Quentin,ФРАНЦИЯ,1:21:05.5 [1+10] +46.2,doubleES
5,CHEVALIER-BOUCHET Anais,ФРАНЦИЯ,1:21:05.5 [1+10] +46.2,doubleES
5,SIMON Julia,ФРАНЦИЯ,1:21:05.5 [1+10] +46.2,doubleES
6,BIONAZ Didier,ИТАЛИЯ,1:21:18.2 [0+6] +58.9,doubleES
6,HOFER Lukas,ИТАЛИЯ,1:21:18.2 [0+6] +58.9,doubleES
6,WIERER Dorothea,ИТАЛИЯ,1:21:18.2 [0+6] +58.9,doubleES
6,VITTOZZI Lisa,ИТАЛИЯ,1:21:18.2 [0+6] +58.9,doubleES
7,LESSER Erik,ГЕРМАНИЯ,1:21:24.2 [0+11] +1:04.9,doubleES
7,PEIFFER Arnd,ГЕРМАНИЯ,1:21:24.2 [0+11] +1:04.9,doubleES
7,HERRMANN Denise,ГЕРМАНИЯ,1:21:24.2 [0+11] +1:04.9,doubleES
7,PREUSS Franziska,ГЕРМАНИЯ,1:21:24.2 [0+11] +1:04.9,doubleES
8,GOW Christian,КАНАДА,1:22:25.3 [0+6] +2:06.0,doubleES
8,GOW Scott,КАНАДА,1:22:25.3 [0+6] +2:06.0,doubleES
8,MOSER Nadia,КАНАДА,1:22:25.3 [0+6] +2:06.0,doubleES
8,LUNDER Emma,КАНАДА,1:22:25.3 [0+6] +2:06.0,doubleES
9,LOGINOV Alexander,РОССИЯ,1:22:30.7 [2+9] +2:11.4,doubleES
9,LATYPOV Eduard,РОССИЯ,1:22:30.7 [2+9] +2:11.4,doubleES
9,MIRONOVA Svetlana,РОССИЯ,1:22:30.7 [2+9] +2:11.4,doubleES
9,KAISHEVA Uliana,РОССИЯ,1:22:30.7 [2+9] +2:11.4,doubleES
10,WEGER Benjamin,ШВЕЙЦАРИЯ,1:22:57.8 [1+9] +2:38.5,doubleES
10,FINELLO Jeremy,ШВЕЙЦАРИЯ,1:22:57.8 [1+9] +2:38.5,doubleES
10,GASPARIN Selina,ШВЕЙЦАРИЯ,1:22:57.8 [1+9] +2:38.5,doubleES
10,HAECKI Lena,ШВЕЙЦАРИЯ,1:22:57.8 [1+9] +2:38.5,doubleES
11,MORAVEC Ondrej,ЧЕХИЯ,1:23:19.3 [2+9] +3:00.0,doubleES
11,KRCMAR Michal,ЧЕХИЯ,1:23:19.3 [2+9] +3:00.0,doubleES
11,DAVIDOVA Marketa,ЧЕХИЯ,1:23:19.3 [2+9] +3:00.0,doubleES
11,CHARVATOVA Lucie,ЧЕХИЯ,1:23:19.3 [2+9] +3:00.0,doubleES
12,DOHERTY Sean,США,1:23:44.1 [0+8] +3:24.8,doubleES
12,BROWN Jake,США,1:23:44.1 [0+8] +3:24.8,doubleES
12,REID Joanne,США,1:23:44.1 [0+8] +3:24.8,doubleES
12,EGAN Clare,США,1:23:44.1 [0+8] +3:24.8,doubleES
13,HARJULA Tuomas,ФИНЛЯНДИЯ,1:23:54.4 [0+6] +3:35.1,doubleES
13,SEPPALA Tero,ФИНЛЯНДИЯ,1:23:54.4 [0+6] +3:35.1,doubleES
13,MINKKINEN Suvi,ФИНЛЯНДИЯ,1:23:54.4 [0+6] +3:35.1,doubleES
13,EDER Mari,ФИНЛЯНДИЯ,1:23:54.4 [0+6] +3:35.1,doubleES
14,SMOLSKI Anton,БЕЛАРУСЬ,1:24:20.2 [2+8] +4:00.9,doubleES
14,BOCHARNIKOV Sergey,БЕЛАРУСЬ,1:24:20.2 [2+8] +4:00.9,doubleES
14,KRUCHINKINA Elena,БЕЛАРУСЬ,1:24:20.2 [2+8] +4:00.9,doubleES
14,ALIMBEKAVA Dzinara,БЕЛАРУСЬ,1:24:20.2 [2+8] +4:00.9,doubleES
15,GERDZHIKOV Dimitar,БОЛГАРИЯ,1:24:26.5 [0+5] +4:07.2,doubleES
15,ILIEV Vladimir,БОЛГАРИЯ,1:24:26.5 [0+5] +4:07.2,doubleES
15,TODOROVA Milena,БОЛГАРИЯ,1:24:26.5 [0+5] +4:07.2,doubleES
15,KADEVA Daniela,БОЛГАРИЯ,1:24:26.5 [0+5] +4:07.2,doubleES
16,FAK Jakov,СЛОВЕНИЯ,1:24:57.2 [1+6] +4:37.9,doubleES
16,BAUER Klemen,СЛОВЕНИЯ,1:24:57.2 [1+6] +4:37.9,doubleES
16,KLEMENCIC Polona,СЛОВЕНИЯ,1:24:57.2 [1+6] +4:37.9,doubleES
16,KLEMENCIC Ziva,СЛОВЕНИЯ,1:24:57.2 [1+6] +4:37.9,doubleES
17,DOMBROVSKI Karol,ЛИТВА,1:25:20.3 [0+10] +5:01.0,doubleES
17,STROLIA Vytautas,ЛИТВА,1:25:20.3 [0+10] +5:01.0,doubleES
17,LESCINSKAITE Gabriele,ЛИТВА,1:25:20.3 [0+10] +5:01.0,doubleES
17,KOCERGINA Natalja,ЛИТВА,1:25:20.3 [0+10] +5:01.0,doubleES
18,SIMA Michal,СЛОВАКИЯ,1:25:25.4 [1+10] +5:06.1,doubleES
18,HASILLA Tomas,СЛОВАКИЯ,1:25:25.4 [1+10] +5:06.1,doubleES
18,FIALKOVA Ivona,СЛОВАКИЯ,1:25:25.4 [1+10] +5:06.1,doubleES
18,FIALKOVA Paulina,СЛОВАКИЯ,1:25:25.4 [1+10] +5:06.1,doubleES
19,ZAHKNA Rene,ЭСТОНИЯ,1:25:25.6 [0+8] +5:06.3,doubleES
19,ERMITS Kalev,ЭСТОНИЯ,1:25:25.6 [0+8] +5:06.3,doubleES
19,TALIHAERM Johanna,ЭСТОНИЯ,1:25:25.6 [0+8] +5:06.3,doubleES
19,TOMINGAS Tuuli,ЭСТОНИЯ,1:25:25.6 [0+8] +5:06.3,doubleES
20,TACHIZAKI Mikito,ЯПОНИЯ,1:25:41.9 [1+12] +5:22.6,doubleES
20,KOBONOKI Tsukasa,ЯПОНИЯ,1:25:41.9 [1+12] +5:22.6,doubleES
20,TACHIZAKI Fuyuko,ЯПОНИЯ,1:25:41.9 [1+12] +5:22.6,doubleES
20,MAEDA Sari,ЯПОНИЯ,1:25:41.9 [1+12] +5:22.6,doubleES
21,CLAUDE Florent,БЕЛЬГИЯ,1:26:50.4 [0+4] +6:31.1,doubleES
21,LANGER Thierry,БЕЛЬГИЯ,1:26:50.4 [0+4] +6:31.1,doubleES
21,LIE Lotte,БЕЛЬГИЯ,1:26:50.4 [0+4] +6:31.1,doubleES
21,DE MAEYER Rieke,БЕЛЬГИЯ,1:26:50.4 [0+4] +6:31.1,doubleES
22,MAKAROV Maksim,МОЛДОВА,1:26:59.7 [0+15] +6:40.4,doubleES
22,USOV Mihail,МОЛДОВА,1:26:59.7 [0+15] +6:40.4,doubleES
22,STREMOUS Alina,МОЛДОВА,1:26:59.7 [0+15] +6:40.4,doubleES
22,GHILENKO Alla,МОЛДОВА,1:26:59.7 [0+15] +6:40.4,doubleES
23,PATRIJUKS Aleksandrs,ЛАТВИЯ,1:27:05.4 [0+8] +6:46.1,doubleES
23,MISE Edgars,ЛАТВИЯ,1:27:05.4 [0+8] +6:46.1,doubleES
23,BENDIKA Baiba,ЛАТВИЯ,1:27:05.4 [0+8] +6:46.1,doubleES
23,BULINA Sanita,ЛАТВИЯ,1:27:05.4 [0+8] +6:46.1,doubleES
24,NEDZA-KUBINIEC Andrzej,ПОЛЬША,1:27:06.3 [3+9] +6:47.0,doubleES
24,GUZIK Grzegorz,ПОЛЬША,1:27:06.3 [3+9] +6:47.0,doubleES
24,MAKA Anna,ПОЛЬША,1:27:06.3 [3+9] +6:47.0,doubleES
24,ZUK Kamila,ПОЛЬША,1:27:06.3 [3+9] +6:47.0,doubleES
1,PONSILUOMA Martin,Швеция,24:41.1 [0(0+0)] 0.0,male10sprint
2,DESTHIEUX Simon,Франция,24:52.3 [0(0+0)] +11.2,male10sprint
3,JACQUELIN Emilien,Франция,24:54.0 [1(1+0)] +12.9,male10sprint
4,DALE Johannes,Норвегия,25:03.5 [1(0+1)] +22.4,male10sprint
5,BOE Johannes Thingnes,Норвегия,25:03.6 [2(2+0)] +22.5,male10sprint
6,FILLON MAILLET Quentin,Франция,25:05.0 [1(1+0)] +23.9,male10sprint
7,LAEGREID Sturla Holm,Норвегия,25:06.8 [0(0+0)] +25.7,male10sprint
8,SAMUELSSON Sebastian,Швеция,25:07.8 [1(0+1)] +26.7,male10sprint
9,BOE Tarjei,Норвегия,25:09.3 [1(0+1)] +28.2,male10sprint
10,LATYPOV Eduard,Россия,25:14.4 [1(0+1)] +33.3,male10sprint
11,KRCMAR Michal,Чехия,25:18.8 [0(0+0)] +37.7,male10sprint
12,BROWN Jake,США,25:25.9 [0(0+0)] +44.8,male10sprint
13,HOFER Lukas,Италия,25:28.7 [1(0+1)] +47.6,male10sprint
14,GUIGONNAT Antonin,Франция,25:30.1 [1(0+1)] +49.0,male10sprint
15,RASTORGUJEVS Andrejs,Латвия,25:35.0 [1(0+1)] +53.9,male10sprint
16,EDER Simon,Австрия,25:37.5 [0(0+0)] +56.4,male10sprint
17,GOW Christian,Канада,25:39.0 [0(0+0)] +57.9,male10sprint
18,NELIN Jesper,Швеция,25:41.2 [1(0+1)] +1:00.1,male10sprint
19,ELISEEV Matvey,Россия,25:42.7 [0(0+0)] +1:01.6,male10sprint
20,PRYMA Artem,Украина,25:42.9 [1(1+0)] +1:01.8,male10sprint
21,BIONAZ Didier,Италия,25:44.1 [0(0+0)] +1:03.0,male10sprint
22,CLAUDE Florent,Бельгия,25:45.5 [0(0+0)] +1:04.4,male10sprint
23,PIDRUCHNYI Dmytro,Украина,25:46.1 [2(1+1)] +1:05.0,male10sprint
24,VARABEI Maksim,Беларусь,25:51.8 [1(0+1)] +1:10.7,male10sprint
25,DOVZAN Miha,Словения,25:56.0 [0(0+0)] +1:14.9,male10sprint
26,LOGINOV Alexander,Россия,25:56.1 [2(1+1)] +1:15.0,male10sprint
27,BORMOLINI Thomas,Италия,25:58.8 [1(0+1)] +1:17.7,male10sprint
28,SEPPALA Tero,Финляндия,26:00.2 [2(0+2)] +1:19.1,male10sprint
29,HIIDENSALO Olli,Финляндия,26:00.7 [1(1+0)] +1:19.6,male10sprint
30,TSYMBAL Bogdan,Украина,26:01.5 [0(0+0)] +1:20.4,male10sprint
31,FEMLING Peppe,Швеция,26:02.0 [1(0+1)] +1:20.9,male10sprint
32,BOCHARNIKOV Sergey,Беларусь,26:08.0 [1(0+1)] +1:26.9,male10sprint
33,SMOLSKI Anton,Беларусь,26:15.6 [2(2+0)] +1:34.5,male10sprint
34,WINDISCH Dominik,Италия,26:16.6 [3(1+2)] +1:35.5,male10sprint
35,FAK Jakov,Словения,26:18.1 [2(1+1)] +1:37.0,male10sprint
36,PEIFFER Arnd,Германия,26:18.3 [2(0+2)] +1:37.2,male10sprint
37,SIMA Michal,Словакия,26:21.4 [0(0+0)] +1:40.3,male10sprint
38,KOMATZ David,Австрия,26:24.1 [1(0+1)] +1:43.0,male10sprint
39,DOLL Benedikt,Германия,26:24.8 [4(2+2)] +1:43.7,male10sprint
40,DOMBROVSKI Karol,Литва,26:26.5 [1(0+1)] +1:45.4,male10sprint
41,CLAUDE Fabien,Франция,26:27.1 [3(1+2)] +1:46.0,male10sprint
42,USOV Mihail,Молдова,26:29.0 [1(0+1)] +1:47.9,male10sprint
43,ZAHKNA Rene,Эстония,26:29.3 [0(0+0)] +1:48.2,male10sprint
44,JAEGER Martin,Швейцария,26:30.4 [2(0+2)] +1:49.3,male10sprint
45,KUEHN Johannes,Германия,26:38.4 [4(0+4)] +1:57.3,male10sprint
46,NORDGREN Leif,США,26:40.2 [1(0+1)] +1:59.1,male10sprint
47,HARJULA Tuomas,Финляндия,26:40.6 [1(1+0)] +1:59.5,male10sprint
48,KIERS Trevor,Канада,26:41.2 [1(1+0)] +2:00.1,male10sprint
49,GERDZHIKOV Dimitar,Болгария,26:41.3 [1(1+0)] +2:00.2,male10sprint
50,HARTWEG Niklas,Швейцария,26:42.6 [2(1+1)] +2:01.5,male10sprint
51,TRSAN Rok,Словения,26:43.4 [0(0+0)] +2:02.3,male10sprint
52,LEITNER Felix,Австрия,26:44.2 [3(1+2)] +2:03.1,male10sprint
53,BABIKOV Anton,Россия,26:47.5 [1(0+1)] +2:06.4,male10sprint
54,BAUER Klemen,Словения,26:47.9 [1(1+0)] +2:06.8,male10sprint
55,MORAVEC Ondrej,Чехия,26:49.1 [1(0+1)] +2:08.0,male10sprint
56,RUNNALLS Adam,Канада,26:49.3 [2(0+2)] +2:08.2,male10sprint
57,ILIEV Vladimir,Болгария,26:52.3 [3(3+0)] +2:11.2,male10sprint
58,KOBONOKI Tsukasa,Япония,26:55.5 [1(0+1)] +2:14.4,male10sprint
59,LANGER Thierry,Бельгия,26:55.6 [3(0+3)] +2:14.5,male10sprint
60,BUTA George,Румыния,26:56.5 [1(1+0)] +2:15.4,male10sprint
61,CRNKOVIC Kresimir,Хорватия,26:56.6 [1(1+0)] +2:15.5,male10sprint
62,WEGER Benjamin,Швейцария,26:57.1 [3(2+1)] +2:16.0,male10sprint
63,STROLIA Vytautas,Литва,26:58.9 [3(1+2)] +2:17.8,male10sprint
64,KHALILI Said Karimulla,Россия,27:00.1 [2(2+0)] +2:19.0,male10sprint
65,GUZIK Grzegorz,Польша,27:01.2 [2(2+0)] +2:20.1,male10sprint
66,LESSER Erik,Германия,27:02.7 [2(0+2)] +2:21.6,male10sprint
67,EBERHARD Julian,Австрия,27:04.7 [4(1+3)] +2:23.6,male10sprint
68,STVRTECKY Jakub,Чехия,27:08.3 [3(1+2)] +2:27.2,male10sprint
69,HASILLA Tomas,Словакия,27:10.4 [2(0+2)] +2:29.3,male10sprint
70,KIREYEV Vladislav,Казахстан,27:11.5 [0(0+0)] +2:30.4,male10sprint
71,SINAPOV Anton,Болгария,27:21.2 [3(2+1)] +2:40.1,male10sprint
72,SCHOMMER Paul,США,27:22.6 [2(2+0)] +2:41.5,male10sprint
73,FINELLO Jeremy,Швейцария,27:22.9 [4(1+3)] +2:41.8,male10sprint
74,MAGAZEEV Pavel,Молдова,27:25.3 [1(1+0)] +2:44.2,male10sprint
75,WRIGHT Campbell,Новая Зеландия,27:26.9 [3(1+2)] +2:45.8,male10sprint
76,KAUKENAS Tomas,Литва,27:30.1 [3(1+2)] +2:49.0,male10sprint
77,GOW Scott,Канада,27:38.2 [5(3+2)] +2:57.1,male10sprint
78,DUDCHENKO Anton,Украина,27:38.8 [3(2+1)] +2:57.7,male10sprint
79,DOHERTY Sean,США,27:42.9 [4(2+2)] +3:01.8,male10sprint
80,BARTKO Simon,Словакия,27:47.5 [4(3+1)] +3:06.4,male10sprint
81,MUKHIN Alexandr,Казахстан,27:49.6 [3(2+1)] +3:08.5,male10sprint
82,FLORE Raul Antonio,Румыния,27:55.2 [2(2+0)] +3:14.1,male10sprint
83,OZAKI Kosuke,Япония,27:55.8 [3(1+2)] +3:14.7,male10sprint
84,KARLIK Mikulas,Чехия,28:04.1 [5(2+3)] +3:23.0,male10sprint
85,PUCHIANU Cornel,Румыния,28:08.1 [4(1+3)] +3:27.0,male10sprint
86,LAZOUSKI Dzmitry,Беларусь,28:13.3 [1(0+1)] +3:32.2,male10sprint
87,BELETSKIY Danil,Казахстан,28:14.7 [1(0+1)] +3:33.6,male10sprint
88,NEDZA-KUBINIEC Andrzej,Польша,28:17.5 [3(1+2)] +3:36.4,male10sprint
89,MISE Edgars,Латвия,28:19.7 [3(2+1)] +3:38.6,male10sprint
90,RAENKEL Raido,Эстония,28:21.9 [4(2+2)] +3:40.8,male10sprint
91,RASTIC Damir,Сербия,28:22.0 [2(0+2)] +3:40.9,male10sprint
92,ERMITS Kalev,Эстония,28:22.4 [3(1+2)] +3:41.3,male10sprint
93,TODEV Blagoy,Болгария,28:23.0 [3(0+3)] +3:41.9,male10sprint
94,LAHAYE-GOFFART Tom,Бельгия,28:56.6 [3(1+2)] +4:15.5,male10sprint
95,SLOTINS Roberts,Латвия,28:59.5 [4(3+1)] +4:18.4,male10sprint
96,KIM Yonggyu,Корея,29:06.4 [2(1+1)] +4:25.3,male10sprint
97,KIM Sangrea,Корея,29:42.1 [0(0+0)] +5:01.0,male10sprint
98,ANGELIS Apostolos,Греция,29:45.0 [4(2+2)] +5:03.9,male10sprint
99,SZWAJNOS Marcin,Польша,29:49.7 [4(1+3)] +5:08.6,male10sprint
100,FOUNTAIN Vinny,Великобритания,29:51.8 [4(1+3)] +5:10.7,male10sprint
101,PIQUERAS GARCIA Roberto,Испания,30:09.7 [4(2+2)] +5:28.6,male10sprint
102,TSOUREKAS Nikolaos,Греция,30:46.5 [3(1+2)] +6:05.4,male10sprint
103,GYALLAI Soma,Венгрия,32:23.2 [6(3+3)] +7:42.1,male10sprint
104,JADA Stavre,Македония,32:56.5 [3(3+0)] +8:15.4,male10sprint
1,ECKHOFF Tiril,Норвегия,21:18.7 [0(0+0)] 0.0,female75 sprint
2,CHEVALIER-BOUCHET Anais,Франция,21:30.7 [1(0+1)] +12.0,female75 sprint
3,SOLA Hanna,Беларусь,21:33.1 [0(0+0)] +14.4,female75 sprint
4,HERRMANN Denise,Германия,21:41.0 [1(0+1)] +22.3,female75 sprint
5,VITTOZZI Lisa,Италия,21:56.4 [0(0+0)] +37.7,female75 sprint
6,ROEISELAND Marte Olsbu,Норвегия,22:02.2 [2(0+2)] +43.5,female75 sprint
7,HAECKI Lena,Швейцария,22:08.2 [1(1+0)] +49.5,female75 sprint
8,PREUSS Franziska,Германия,22:09.1 [1(0+1)] +50.4,female75 sprint
9,HAUSER Lisa Theresa,Австрия,22:09.2 [2(1+1)] +50.5,female75 sprint
10,OEBERG Hanna,Швеция,22:17.5 [1(0+1)] +58.8,female75 sprint
11,PIDHRUSHNA Olena,Украина,22:24.1 [1(1+0)] +1:05.4,female75 sprint
12,HINZ Vanessa,Германия,22:27.2 [1(0+1)] +1:08.5,female75 sprint
13,FIALKOVA Paulina,Словакия,22:29.4 [1(1+0)] +1:10.7,female75 sprint
14,BLASHKO Darya,Украина,22:30.9 [1(1+0)] +1:12.2,female75 sprint
15,GASPARIN Selina,Швейцария,22:31.4 [2(0+2)] +1:12.7,female75 sprint
16,PERSSON Linn,Швеция,22:32.7 [2(1+1)] +1:14.0,female75 sprint
17,LIEN Ida,Норвегия,22:35.9 [2(0+2)] +1:17.2,female75 sprint
18,DUNKLEE Susan,США,22:36.6 [0(0+0)] +1:17.9,female75 sprint
19,KAZAKEVICH Irina,Россия,22:38.3 [1(0+1)] +1:19.6,female75 sprint
20,WIERER Dorothea,Италия,22:40.6 [2(1+1)] +1:21.9,female75 sprint
21,TANDREVOLD Ingrid Landmark,Норвегия,22:42.0 [2(0+2)] +1:23.3,female75 sprint
22,OEBERG Elvira,Швеция,22:45.0 [3(2+1)] +1:26.3,female75 sprint
23,CARRARA Michela,Италия,22:47.3 [1(1+0)] +1:28.6,female75 sprint
24,LARDSCHNEIDER Irene,Италия,22:50.4 [0(0+0)] +1:31.7,female75 sprint
25,BRAISAZ-BOUCHET Justine,Франция,22:51.8 [1(0+1)] +1:33.1,female75 sprint
26,BENDIKA Baiba,Латвия,22:57.0 [3(1+2)] +1:38.3,female75 sprint
27,GASPARIN Elisa,Швейцария,23:04.6 [1(0+1)] +1:45.9,female75 sprint
28,SIMON Julia,Франция,23:06.6 [4(2+2)] +1:47.9,female75 sprint
29,ZUK Kamila,Польша,23:07.3 [2(0+2)] +1:48.6,female75 sprint
30,HOJNISZ-STAREGA Monika,Польша,23:08.2 [2(1+1)] +1:49.5,female75 sprint
31,HETTICH Janina,Германия,23:10.9 [2(0+2)] +1:52.2,female75 sprint
32,TALIHAERM Johanna,Эстония,23:11.0 [3(1+2)] +1:52.3,female75 sprint
33,GASPARIN Aita,Швейцария,23:11.3 [2(2+0)] +1:52.6,female75 sprint
34,BESCOND Anais,Франция,23:13.1 [2(2+0)] +1:54.4,female75 sprint
35,BANKES Megan,Канада,23:13.6 [2(1+1)] +1:54.9,female75 sprint
36,KAISHEVA Uliana,Россия,23:15.0 [2(2+0)] +1:56.3,female75 sprint
37,DZHIMA Yuliia,Украина,23:17.1 [3(1+2)] +1:58.4,female75 sprint
38,ZDOUC Dunja,Австрия,23:17.8 [2(0+2)] +1:59.1,female75 sprint
39,INNERHOFER Katharina,Австрия,23:24.4 [3(1+2)] +2:05.7,female75 sprint
40,ALIMBEKAVA Dzinara,Беларусь,23:25.2 [3(1+2)] +2:06.5,female75 sprint
41,KNOTTEN Karoline Offigstad,Норвегия,23:27.2 [1(0+1)] +2:08.5,female75 sprint
42,LUNDER Emma,Канада,23:29.4 [2(2+0)] +2:10.7,female75 sprint
43,GHILENKO Alla,Молдова,23:33.4 [1(0+1)] +2:14.7,female75 sprint
44,DAVIDOVA Marketa,Чехия,23:33.7 [4(2+2)] +2:15.0,female75 sprint
45,TOMINGAS Tuuli,Эстония,23:35.7 [2(1+1)] +2:17.0,female75 sprint
46,BELCHENKO Yelizaveta,Казахстан,23:37.4 [3(2+1)] +2:18.7,female75 sprint
47,LIE Lotte,Бельгия,23:38.6 [1(0+1)] +2:19.9,female75 sprint
48,TODOROVA Milena,Болгария,23:41.0 [3(0+3)] +2:22.3,female75 sprint
49,KRUCHINKINA Elena,Беларусь,23:41.7 [3(1+2)] +2:23.0,female75 sprint
50,SEMERENKO Valentina,Украина,23:43.4 [3(1+2)] +2:24.7,female75 sprint
51,IRWIN Deedra,США,23:45.7 [2(1+1)] +2:27.0,female75 sprint
51,PAVLOVA Evgeniya,Россия,23:45.7 [2(1+1)] +2:27.0,female75 sprint
53,STREMOUS Alina,Молдова,23:48.3 [2(0+2)] +2:29.6,female75 sprint
54,EGAN Clare,США,23:49.7 [4(1+3)] +2:31.0,female75 sprint
55,REID Joanne,США,23:49.8 [3(1+2)] +2:31.1,female75 sprint
56,EDER Mari,Финляндия,23:51.7 [3(0+3)] +2:33.0,female75 sprint
57,CHIRKOVA Elena,Румыния,23:53.1 [1(1+0)] +2:34.4,female75 sprint
58,BRORSSON Mona,Швеция,24:03.5 [3(0+3)] +2:44.8,female75 sprint
59,TACHIZAKI Fuyuko,Япония,24:06.8 [3(2+1)] +2:48.1,female75 sprint
60,MOSER Nadia,Канада,24:07.1 [3(1+2)] +2:48.4,female75 sprint
61,LESCINSKAITE Gabriele,Литва,24:11.0 [2(0+2)] +2:52.3,female75 sprint
62,JANKA Erika,Финляндия,24:12.8 [0(0+0)] +2:54.1,female75 sprint
63,SCHWAIGER Julia,Австрия,24:13.5 [3(3+0)] +2:54.8,female75 sprint
64,MIRONOVA Svetlana,Россия,24:24.2 [6(2+4)] +3:05.5,female75 sprint
65,FIALKOVA Ivona,Словакия,24:25.0 [4(1+3)] +3:06.3,female75 sprint
66,JAKIELA Joanna,Польша,24:27.5 [3(2+1)] +3:08.8,female75 sprint
67,AVVAKUMOVA Ekaterina,Корея,24:27.7 [3(2+1)] +3:09.0,female75 sprint
68,PUSKARCIKOVA Eva,Чехия,24:28.7 [3(0+3)] +3:10.0,female75 sprint
69,ZBYLUT Kinga,Польша,24:29.5 [3(0+3)] +3:10.8,female75 sprint
70,MAEDA Sari,Япония,24:30.3 [4(2+2)] +3:11.6,female75 sprint
71,CHARVATOVA Lucie,Чехия,24:34.2 [6(3+3)] +3:15.5,female75 sprint
71,JISLOVA Jessica,Чехия,24:34.2 [4(1+3)] +3:15.5,female75 sprint
73,VISHNEVSKAYA-SHEPORENKO Galina,Казахстан,24:35.8 [2(1+1)] +3:17.1,female75 sprint
74,COTRUS Ana Larisa,Румыния,24:37.4 [2(1+1)] +3:18.7,female75 sprint
75,KRYUKO Iryna,Беларусь,24:39.4 [4(2+2)] +3:20.7,female75 sprint
76,KLEMENCIC Polona,Словения,24:53.6 [3(1+2)] +3:34.9,female75 sprint
77,SLETTEMARK Ukaleq Astri,Гренландия,24:53.7 [2(1+1)] +3:35.0,female75 sprint
78,TANAKA Yurie,Япония,24:57.2 [3(1+2)] +3:38.5,female75 sprint
79,SANFILIPPO Federica,Италия,24:57.4 [4(1+3)] +3:38.7,female75 sprint
80,KINNUNEN Nastassia,Финляндия,25:03.8 [4(4+0)] +3:45.1,female75 sprint
81,LIGHTFOOT Amanda,Великобритания,25:13.0 [4(2+2)] +3:54.3,female75 sprint
82,BEAUDRY Sarah,Канада,25:15.0 [3(0+3)] +3:56.3,female75 sprint
83,KOCERGINA Natalja,Литва,25:23.4 [5(4+1)] +4:04.7,female75 sprint
83,OJA Regina,Эстония,25:23.4 [4(2+2)] +4:04.7,female75 sprint
85,MINKKINEN Suvi,Финляндия,25:28.0 [4(3+1)] +4:09.3,female75 sprint
86,DE MAEYER Rieke,Бельгия,25:29.0 [0(0+0)] +4:10.3,female75 sprint
87,EINFALT Lea,Словения,25:44.2 [4(2+2)] +4:25.5,female75 sprint
88,KADEVA Daniela,Болгария,25:54.4 [5(3+2)] +4:35.7,female75 sprint
89,REPINC Lena,Словения,25:56.2 [5(3+2)] +4:37.5,female75 sprint
90,BLAZENIC Nika,Хорватия,25:57.7 [3(2+1)] +4:39.0,female75 sprint
91,KIM Seonsu,Корея,26:04.6 [4(1+3)] +4:45.9,female75 sprint
92,BULINA Sanita,Латвия,26:08.3 [6(3+3)] +4:49.6,female75 sprint
93,MACHYNIAKOVA Veronika,Словакия,26:11.9 [3(1+2)] +4:53.2,female75 sprint
94,KONDRATYEVA Anastassiya,Казахстан,26:13.4 [4(1+3)] +4:54.7,female75 sprint
95,KOZICA Anika,Хорватия,26:20.7 [4(1+3)] +5:02.0,female75 sprint
96,COLEBOURN Jillian Wei-Lin,Австралия,26:36.8 [3(0+3)] +5:18.1,female75 sprint
97,ZDRAVKOVA Maria,Болгария,26:44.0 [3(3+0)] +5:25.3,female75 sprint
98,FROLINA Anna,Корея,26:55.8 [9(5+4)] +5:37.1,female75 sprint
99,SABULE Annija Keita,Латвия,28:37.3 [5(2+3)] +7:18.6,female75 sprint
1,JACQUELIN Emilien,Франция,31:22.1 [0(0+0+0+0)] 0.0,male125gonka
2,SAMUELSSON Sebastian,Швеция,31:29.4 [0(0+0+0+0)] +7.3,male125gonka
3,BOE Johannes Thingnes,Норвегия,31:30.2 [2(0+1+1+0)] +8.1,male125gonka
4,FILLON MAILLET Quentin,Франция,31:54.6 [2(2+0+0+0)] +32.5,male125gonka
5,DESTHIEUX Simon,Франция,32:04.0 [1(0+0+0+1)] +41.9,male125gonka
6,LAEGREID Sturla Holm,Норвегия,32:20.0 [1(0+0+1+0)] +57.9,male125gonka
7,LATYPOV Eduard,Россия,32:57.2 [2(0+0+1+1)] +1:35.1,male125gonka
8,PRYMA Artem,Украина,33:22.7 [3(0+1+2+0)] +2:00.6,male125gonka
9,EDER Simon,Австрия,33:25.9 [1(0+0+1+0)] +2:03.8,male125gonka
10,RASTORGUJEVS Andrejs,Латвия,33:34.2 [3(0+1+1+1)] +2:12.1,male125gonka
11,DALE Johannes,Норвегия,33:42.0 [5(0+2+3+0)] +2:19.9,male125gonka
12,CLAUDE Fabien,Франция,33:42.6 [2(0+1+1+0)] +2:20.5,male125gonka
13,PONSILUOMA Martin,Швеция,33:42.9 [6(2+2+1+1)] +2:20.8,male125gonka
14,BOE Tarjei,Норвегия,33:47.4 [5(1+1+2+1)] +2:25.3,male125gonka
15,HOFER Lukas,Италия,33:49.4 [5(3+0+1+1)] +2:27.3,male125gonka
16,LOGINOV Alexander,Россия,33:50.7 [4(1+0+1+2)] +2:28.6,male125gonka
17,ELISEEV Matvey,Россия,34:07.2 [3(3+0+0+0)] +2:45.1,male125gonka
18,TSYMBAL Bogdan,Украина,34:11.4 [1(1+0+0+0)] +2:49.3,male125gonka
19,BORMOLINI Thomas,Италия,34:11.9 [2(0+0+2+0)] +2:49.8,male125gonka
20,PEIFFER Arnd,Германия,34:20.1 [4(0+2+1+1)] +2:58.0,male125gonka
21,GUIGONNAT Antonin,Франция,34:20.9 [6(3+0+2+1)] +2:58.8,male125gonka
22,KRCMAR Michal,Чехия,34:27.0 [5(2+0+2+1)] +3:04.9,male125gonka
23,DOVZAN Miha,Словения,34:29.5 [3(1+0+2+0)] +3:07.4,male125gonka
24,KOMATZ David,Австрия,34:31.8 [1(0+1+0+0)] +3:09.7,male125gonka
25,BROWN Jake,США,34:39.3 [5(2+1+1+1)] +3:17.2,male125gonka
26,CLAUDE Florent,Бельгия,34:41.8 [3(0+2+0+1)] +3:19.7,male125gonka
27,HARJULA Tuomas,Финляндия,34:42.4 [1(0+0+0+1)] +3:20.3,male125gonka
28,PIDRUCHNYI Dmytro,Украина,34:47.3 [6(2+0+3+1)] +3:25.2,male125gonka
29,NELIN Jesper,Швеция,34:51.0 [6(2+0+2+2)] +3:28.9,male125gonka
30,GOW Christian,Канада,34:55.5 [5(1+3+0+1)] +3:33.4,male125gonka
31,DOLL Benedikt,Германия,34:56.5 [6(1+1+3+1)] +3:34.4,male125gonka
32,SEPPALA Tero,Финляндия,35:00.4 [4(0+1+1+2)] +3:38.3,male125gonka
33,NORDGREN Leif,США,35:09.6 [2(1+0+0+1)] +3:47.5,male125gonka
34,SMOLSKI Anton,Беларусь,35:16.2 [4(2+1+0+1)] +3:54.1,male125gonka
35,FAK Jakov,Словения,35:20.1 [4(0+2+0+2)] +3:58.0,male125gonka
36,WINDISCH Dominik,Италия,35:42.4 [7(1+1+4+1)] +4:20.3,male125gonka
37,FEMLING Peppe,Швеция,35:46.8 [5(0+2+2+1)] +4:24.7,male125gonka
38,ILIEV Vladimir,Болгария,35:49.9 [4(2+0+1+1)] +4:27.8,male125gonka
39,BUTA George,Румыния,35:52.0 [1(0+1+0+0)] +4:29.9,male125gonka
40,ZAHKNA Rene,Эстония,36:05.2 [2(0+1+1+0)] +4:43.1,male125gonka
41,KUEHN Johannes,Германия,36:07.9 [7(2+1+3+1)] +4:45.8,male125gonka
42,KOBONOKI Tsukasa,Япония,36:10.2 [3(0+1+2+0)] +4:48.1,male125gonka
43,JAEGER Martin,Швейцария,36:13.2 [7(1+3+0+3)] +4:51.1,male125gonka
44,LANGER Thierry,Бельгия,36:13.5 [3(0+1+0+2)] +4:51.4,male125gonka
45,LEITNER Felix,Австрия,36:14.1 [5(1+0+3+1)] +4:52.0,male125gonka
46,MORAVEC Ondrej,Чехия,36:16.8 [4(1+0+1+2)] +4:54.7,male125gonka
47,TRSAN Rok,Словения,36:25.7 [3(1+0+2+0)] +5:03.6,male125gonka
48,HARTWEG Niklas,Швейцария,36:26.1 [5(2+2+0+1)] +5:04.0,male125gonka
49,DOMBROVSKI Karol,Литва,36:26.2 [3(0+0+1+2)] +5:04.1,male125gonka
50,USOV Mihail,Молдова,36:55.0 [6(2+1+1+2)] +5:32.9,male125gonka
51,VARABEI Maksim,Беларусь,37:01.0 [8(2+1+2+3)] +5:38.9,male125gonka
52,HIIDENSALO Olli,Финляндия,37:03.2 [6(0+1+2+3)] +5:41.1,male125gonka
53,SIMA Michal,Словакия,37:03.8 [5(2+1+1+1)] +5:41.7,male125gonka
54,BOCHARNIKOV Sergey,Беларусь,37:26.7 [6(3+2+0+1)] +6:04.6,male125gonka
55,RUNNALLS Adam,Канада,37:53.3 [8(1+3+3+1)] +6:31.2,male125gonka
56,BABIKOV Anton,Россия,38:01.9 [6(2+2+1+1)] +6:39.8,male125gonka
57,KIERS Trevor,Канада,38:20.8 [8(0+4+2+2)] +6:58.7,male125gonka
58,BIONAZ Didier,Италия,39:16.9 [13(4+5+2+2)] +7:54.8,male125gonka
1,ECKHOFF Tiril,Норвегия,30:38.1 [2(1+0+1+0)] 0.0,female10gonka
2,HAUSER Lisa Theresa,Австрия,30:55.4 [1(1+0+0+0)] +17.3,female10gonka
3,CHEVALIER-BOUCHET Anais,Франция,31:11.1 [2(0+1+0+1)] +33.0,female10gonka
4,WIERER Dorothea,Италия,31:23.3 [0(0+0+0+0)] +45.2,female10gonka
5,PREUSS Franziska,Германия,31:27.4 [2(0+0+2+0)] +49.3,female10gonka
6,HINZ Vanessa,Германия,31:43.2 [0(0+0+0+0)] +1:05.1,female10gonka
7,PIDHRUSHNA Olena,Украина,31:52.0 [0(0+0+0+0)] +1:13.9,female10gonka
8,HERRMANN Denise,Германия,31:54.4 [3(1+0+0+2)] +1:16.3,female10gonka
9,ROEISELAND Marte Olsbu,Норвегия,32:04.6 [3(0+0+1+2)] +1:26.5,female10gonka
10,TANDREVOLD Ingrid Landmark,Норвегия,32:12.2 [2(0+0+0+2)] +1:34.1,female10gonka
11,ZDOUC Dunja,Австрия,32:12.8 [0(0+0+0+0)] +1:34.7,female10gonka
12,HAECKI Lena,Швейцария,32:30.3 [3(2+0+0+1)] +1:52.2,female10gonka
13,OEBERG Hanna,Швеция,32:36.0 [3(0+1+2+0)] +1:57.9,female10gonka
14,OEBERG Elvira,Швеция,32:40.9 [3(0+1+1+1)] +2:02.8,female10gonka
15,GASPARIN Selina,Швейцария,32:52.6 [3(0+1+1+1)] +2:14.5,female10gonka
16,HOJNISZ-STAREGA Monika,Польша,32:55.2 [1(0+0+1+0)] +2:17.1,female10gonka
17,LIEN Ida,Норвегия,33:00.8 [3(1+0+0+2)] +2:22.7,female10gonka
18,BENDIKA Baiba,Латвия,33:12.1 [2(1+0+0+1)] +2:34.0,female10gonka
19,PERSSON Linn,Швеция,33:16.4 [4(0+0+2+2)] +2:38.3,female10gonka
20,LUNDER Emma,Канада,33:17.9 [1(0+1+0+0)] +2:39.8,female10gonka
21,ALIMBEKAVA Dzinara,Беларусь,33:21.2 [2(0+1+0+1)] +2:43.1,female10gonka
22,SIMON Julia,Франция,33:22.7 [5(2+1+1+1)] +2:44.6,female10gonka
23,KAZAKEVICH Irina,Россия,33:23.8 [3(0+0+1+2)] +2:45.7,female10gonka
24,BLASHKO Darya,Украина,33:37.3 [3(2+1+0+0)] +2:59.2,female10gonka
25,DZHIMA Yuliia,Украина,33:37.5 [3(0+1+2+0)] +2:59.4,female10gonka
26,SOLA Hanna,Беларусь,33:38.0 [8(2+2+2+2)] +2:59.9,female10gonka
27,DUNKLEE Susan,США,33:39.5 [2(0+0+0+2)] +3:01.4,female10gonka
28,GASPARIN Elisa,Швейцария,33:42.8 [2(0+0+1+1)] +3:04.7,female10gonka
29,KAISHEVA Uliana,Россия,33:46.1 [3(1+1+1+0)] +3:08.0,female10gonka
30,BRAISAZ-BOUCHET Justine,Франция,33:51.6 [5(2+2+1+0)] +3:13.5,female10gonka
31,EDER Mari,Финляндия,33:52.5 [1(1+0+0+0)] +3:14.4,female10gonka
32,DAVIDOVA Marketa,Чехия,33:56.9 [4(0+2+2+0)] +3:18.8,female10gonka
33,TALIHAERM Johanna,Эстония,34:06.9 [4(1+2+0+1)] +3:28.8,female10gonka
34,HETTICH Janina,Германия,34:08.1 [3(0+1+1+1)] +3:30.0,female10gonka
35,GASPARIN Aita,Швейцария,34:12.3 [3(0+2+0+1)] +3:34.2,female10gonka
36,BESCOND Anais,Франция,34:13.6 [3(0+1+1+1)] +3:35.5,female10gonka
37,INNERHOFER Katharina,Австрия,34:14.0 [5(0+0+3+2)] +3:35.9,female10gonka
38,CARRARA Michela,Италия,34:14.5 [5(1+1+2+1)] +3:36.4,female10gonka
39,BELCHENKO Yelizaveta,Казахстан,34:15.9 [1(0+0+1+0)] +3:37.8,female10gonka
40,PAVLOVA Evgeniya,Россия,34:18.7 [3(3+0+0+0)] +3:40.6,female10gonka
41,FIALKOVA Paulina,Словакия,34:24.3 [6(0+0+1+5)] +3:46.2,female10gonka
42,KNOTTEN Karoline Offigstad,Норвегия,34:28.6 [2(1+0+1+0)] +3:50.5,female10gonka
43,LIE Lotte,Бельгия,34:34.1 [1(0+1+0+0)] +3:56.0,female10gonka
44,EGAN Clare,США,34:56.1 [4(1+0+1+2)] +4:18.0,female10gonka
45,IRWIN Deedra,США,35:03.7 [3(2+0+0+1)] +4:25.6,female10gonka
46,BANKES Megan,Канада,35:13.3 [4(1+2+1+0)] +4:35.2,female10gonka
47,ZUK Kamila,Польша,35:15.8 [5(0+2+3+0)] +4:37.7,female10gonka
48,VITTOZZI Lisa,Италия,35:18.5 [10(4+2+3+1)] +4:40.4,female10gonka
49,KRUCHINKINA Elena,Беларусь,35:20.2 [6(2+1+1+2)] +4:42.1,female10gonka
50,CHIRKOVA Elena,Румыния,35:22.8 [1(1+0+0+0)] +4:44.7,female10gonka
51,LARDSCHNEIDER Irene,Италия,35:36.4 [3(0+2+1+0)] +4:58.3,female10gonka
52,MOSER Nadia,Канада,35:44.7 [2(0+1+1+0)] +5:06.6,female10gonka
53,BRORSSON Mona,Швеция,35:50.2 [5(1+1+1+2)] +5:12.1,female10gonka
54,STREMOUS Alina,Молдова,35:52.8 [4(1+1+1+1)] +5:14.7,female10gonka
55,REID Joanne,США,36:05.1 [6(0+2+3+1)] +5:27.0,female10gonka
56,TACHIZAKI Fuyuko,Япония,36:10.0 [3(2+1+0+0)] +5:31.9,female10gonka
57,GHILENKO Alla,Молдова,36:36.3 [4(0+0+3+1)] +5:58.2,female10gonka
58,TODOROVA Milena,Болгария,37:01.2 [4(0+0+3+1)] +6:23.1,female10gonka
59,TOMINGAS Tuuli,Эстония,37:23.6 [4(0+0+2+2)] +6:45.5,female10gonka
1,DAVIDOVA Marketa,Чехия,42:27.7 [0(0+0+0+0)] 0.0,femake15oneGonka
2,OEBERG Hanna,Швеция,42:55.6 [1(0+0+1+0)] +27.9,femake15oneGonka
3,TANDREVOLD Ingrid Landmark,Норвегия,43:31.7 [1(0+1+0+0)] +1:04.0,femake15oneGonka
4,HAUSER Lisa Theresa,Австрия,44:19.9 [2(0+0+0+2)] +1:52.2,femake15oneGonka
5,MIRONOVA Svetlana,Россия,44:33.5 [2(0+0+1+1)] +2:05.8,femake15oneGonka
6,GASPARIN Selina,Швейцария,44:37.3 [2(1+0+0+1)] +2:09.6,femake15oneGonka
7,PREUSS Franziska,Германия,44:42.1 [2(0+1+0+1)] +2:14.4,femake15oneGonka
8,CADURISCH Irene,Швейцария,44:42.9 [1(0+0+0+1)] +2:15.2,femake15oneGonka
9,WIERER Dorothea,Италия,44:47.9 [2(0+0+1+1)] +2:20.2,femake15oneGonka
10,SCHWAIGER Julia,Австрия,44:48.5 [1(0+1+0+0)] +2:20.8,femake15oneGonka
11,LIEN Ida,Норвегия,44:52.0 [2(0+0+0+2)] +2:24.3,femake15oneGonka
12,HAECKI Lena,Швейцария,44:52.3 [2(1+1+0+0)] +2:24.6,femake15oneGonka
13,MERKUSHYNA Anastasiya,Украина,44:55.7 [1(1+0+0+0)] +2:28.0,femake15oneGonka
14,KUKLINA Larisa,Россия,44:56.0 [1(1+0+0+0)] +2:28.3,femake15oneGonka
15,HERRMANN Denise,Германия,44:57.4 [2(1+1+0+0)] +2:29.7,femake15oneGonka
16,HOJNISZ-STAREGA Monika,Польша,45:00.6 [2(1+0+0+1)] +2:32.9,femake15oneGonka
17,ALIMBEKAVA Dzinara,Беларусь,45:05.4 [2(0+0+1+1)] +2:37.7,femake15oneGonka
18,BESCOND Anais,Франция,45:16.6 [2(0+1+0+1)] +2:48.9,femake15oneGonka
19,GASPARIN Elisa,Швейцария,45:27.5 [1(0+0+0+1)] +2:59.8,femake15oneGonka
20,ROEISELAND Marte Olsbu,Норвегия,45:29.1 [3(0+0+1+2)] +3:01.4,femake15oneGonka
21,PERSSON Linn,Швеция,45:34.2 [2(0+2+0+0)] +3:06.5,femake15oneGonka
22,LUNDER Emma,Канада,45:45.1 [2(1+0+0+1)] +3:17.4,femake15oneGonka
23,ECKHOFF Tiril,Норвегия,45:46.5 [4(1+1+2+0)] +3:18.8,femake15oneGonka
24,KAISHEVA Uliana,Россия,45:49.5 [2(1+0+0+1)] +3:21.8,femake15oneGonka
25,VISHNEVSKAYA-SHEPORENKO Galina,Казахстан,46:00.8 [0(0+0+0+0)] +3:33.1,femake15oneGonka
26,KRUCHINKINA Elena,Беларусь,46:01.1 [3(0+1+0+2)] +3:33.4,femake15oneGonka
27,CHEVALIER-BOUCHET Anais,Франция,46:01.2 [2(1+0+1+0)] +3:33.5,femake15oneGonka
28,AVVAKUMOVA Ekaterina,Корея,46:04.8 [1(0+1+0+0)] +3:37.1,femake15oneGonka
29,AKIMOVA Tatiana,Россия,46:06.6 [2(1+1+0+0)] +3:38.9,femake15oneGonka
30,TALIHAERM Johanna,Эстония,46:09.4 [2(1+1+0+0)] +3:41.7,femake15oneGonka
31,CARRARA Michela,Италия,46:13.4 [2(1+1+0+0)] +3:45.7,femake15oneGonka
32,DZHIMA Yuliia,Украина,46:34.1 [4(0+3+0+1)] +4:06.4,femake15oneGonka
33,HINZ Vanessa,Германия,46:44.6 [3(0+1+1+1)] +4:16.9,femake15oneGonka
34,HAMMERSCHMIDT Maren,Германия,46:48.4 [2(1+0+0+1)] +4:20.7,femake15oneGonka
35,OEBERG Elvira,Швеция,46:49.4 [4(2+1+1+0)] +4:21.7,femake15oneGonka
36,LIE Lotte,Бельгия,46:51.0 [1(1+0+0+0)] +4:23.3,femake15oneGonka
37,PUSKARCIKOVA Eva,Чехия,46:52.5 [1(1+0+0+0)] +4:24.8,femake15oneGonka
38,VITTOZZI Lisa,Италия,46:55.7 [4(2+1+1+0)] +4:28.0,femake15oneGonka
39,EGAN Clare,США,46:55.8 [3(0+0+0+3)] +4:28.1,femake15oneGonka
40,REID Joanne,США,46:59.8 [4(1+3+0+0)] +4:32.1,femake15oneGonka
41,SEMERENKO Vita,Украина,47:06.8 [2(0+1+0+1)] +4:39.1,femake15oneGonka
42,ZDOUC Dunja,Австрия,47:07.8 [3(0+1+1+1)] +4:40.1,femake15oneGonka
43,PIDHRUSHNA Olena,Украина,47:22.7 [4(1+2+0+1)] +4:55.0,femake15oneGonka
44,EDER Mari,Финляндия,47:25.2 [4(0+3+0+1)] +4:57.5,femake15oneGonka
45,BELCHENKO Yelizaveta,Казахстан,47:31.5 [2(1+0+1+0)] +5:03.8,femake15oneGonka
46,INNERHOFER Katharina,Австрия,47:32.2 [5(0+2+0+3)] +5:04.5,femake15oneGonka
47,MAEDA Sari,Япония,47:36.4 [3(0+1+1+1)] +5:08.7,femake15oneGonka
48,CHARVATOVA Lucie,Чехия,47:36.6 [5(0+2+1+2)] +5:08.9,femake15oneGonka
49,SKOTTHEIM Johanna,Швеция,47:39.0 [2(0+0+0+2)] +5:11.3,femake15oneGonka
50,FIALKOVA Paulina,Словакия,47:40.1 [5(2+3+0+0)] +5:12.4,femake15oneGonka
51,BEAUDRY Sarah,Канада,47:53.9 [2(0+0+0+2)] +5:26.2,femake15oneGonka
52,BENDIKA Baiba,Латвия,47:55.3 [5(2+1+1+1)] +5:27.6,femake15oneGonka
53,KADEVA Daniela,Болгария,48:09.2 [2(1+1+0+0)] +5:41.5,femake15oneGonka
54,TODOROVA Milena,Болгария,48:16.1 [6(1+3+1+1)] +5:48.4,femake15oneGonka
55,KLEMENCIC Ziva,Словения,48:21.7 [3(0+2+0+1)] +5:54.0,femake15oneGonka
56,KRUCHINKINA Irina,Беларусь,48:27.6 [4(0+2+1+1)] +5:59.9,femake15oneGonka
57,MINKKINEN Suvi,Финляндия,48:30.4 [3(0+1+0+2)] +6:02.7,femake15oneGonka
58,LESCINSKAITE Gabriele,Литва,48:32.0 [2(1+1+0+0)] +6:04.3,femake15oneGonka
59,ZUK Kamila,Польша,48:32.5 [5(1+1+1+2)] +6:04.8,femake15oneGonka
60,CHIRKOVA Elena,Румыния,48:40.6 [2(1+0+1+0)] +6:12.9,femake15oneGonka
61,TACHIZAKI Fuyuko,Япония,48:40.9 [4(1+0+2+1)] +6:13.2,femake15oneGonka
62,OJA Regina,Эстония,48:44.5 [3(0+1+2+0)] +6:16.8,femake15oneGonka
63,BRAISAZ-BOUCHET Justine,Франция,48:47.0 [6(2+1+0+3)] +6:19.3,femake15oneGonka
64,JISLOVA Jessica,Чехия,49:03.5 [3(1+0+0+2)] +6:35.8,femake15oneGonka
65,SLETTEMARK Ukaleq Astri,Гренландия,49:10.9 [3(0+1+0+2)] +6:43.2,femake15oneGonka
66,FROLINA Anna,Корея,49:18.2 [5(2+0+3+0)] +6:50.5,femake15oneGonka
67,BULINA Sanita,Латвия,49:21.4 [3(0+1+1+1)] +6:53.7,femake15oneGonka
68,MAKA Anna,Польша,49:23.2 [5(1+1+1+2)] +6:55.5,femake15oneGonka
69,KOCERGINA Natalja,Литва,49:24.5 [4(1+3+0+0)] +6:56.8,femake15oneGonka
70,SOLA Hanna,Беларусь,49:25.4 [7(1+3+1+2)] +6:57.7,femake15oneGonka
71,MOSER Nadia,Канада,49:26.3 [4(1+1+1+1)] +6:58.6,femake15oneGonka
72,STREMOUS Alina,Молдова,49:28.3 [5(2+1+2+0)] +7:00.6,femake15oneGonka
73,LEVINS Chloe,США,49:43.9 [2(0+1+1+0)] +7:16.2,femake15oneGonka
74,TANAKA Yurie,Япония,49:45.6 [4(0+1+1+2)] +7:17.9,femake15oneGonka
75,TOMINGAS Tuuli,Эстония,49:47.1 [4(1+0+1+2)] +7:19.4,femake15oneGonka
76,AKHATOVA Lyudmila,Казахстан,50:19.9 [3(1+1+1+0)] +7:52.2,femake15oneGonka
77,DUNKLEE Susan,США,50:27.2 [5(0+1+0+4)] +7:59.5,femake15oneGonka
78,ZDRAVKOVA Maria,Болгария,50:46.3 [2(0+0+0+2)] +8:18.6,femake15oneGonka
79,FIALKOVA Ivona,Словакия,50:50.3 [7(2+3+1+1)] +8:22.6,femake15oneGonka
80,DE MAEYER Rieke,Бельгия,51:14.6 [3(1+2+0+0)] +8:46.9,femake15oneGonka
81,JANKA Erika,Финляндия,51:16.1 [3(0+3+0+0)] +8:48.4,femake15oneGonka
82,EINFALT Lea,Словения,51:34.4 [5(2+1+1+1)] +9:06.7,femake15oneGonka
83,SANFILIPPO Federica,Италия,52:31.1 [8(2+1+3+2)] +10:03.4,femake15oneGonka
84,KLEMENCIC Polona,Словения,52:42.5 [7(0+2+2+3)] +10:14.8,femake15oneGonka
85,LARDSCHNEIDER Irene,Италия,53:10.0 [6(2+2+0+2)] +10:42.3,femake15oneGonka
86,SABULE Annija Keita,Латвия,53:32.1 [3(0+2+1+0)] +11:04.4,femake15oneGonka
87,KOZICA Anika,Хорватия,53:45.3 [5(1+2+1+1)] +11:17.6,femake15oneGonka
88,BANKES Megan,Канада,53:48.8 [8(1+3+1+3)] +11:21.1,femake15oneGonka
89,MACHYNIAKOVA Veronika,Словакия,54:07.2 [5(1+1+1+2)] +11:39.5,femake15oneGonka
90,COLEBOURN Jillian Wei-Lin,Австралия,54:21.1 [6(1+2+1+2)] +11:53.4,femake15oneGonka
91,COTRUS Ana Larisa,Румыния,55:38.7 [9(2+2+3+2)] +13:11.0,femake15oneGonka
92,MUN Jihee,Корея,56:01.6 [8(1+1+3+3)] +13:33.9,femake15oneGonka
93,BLAZENIC Nika,Хорватия,56:52.5 [8(1+1+3+3)] +14:24.8,femake15oneGonka
1,LAEGREID Sturla Holm,Норвегия,49:27.6 [0(0+0+0+0)] 0.0,male20oneGonka
2,PEIFFER Arnd,Германия,49:44.5 [0(0+0+0+0)] +16.9,male20oneGonka
3,DALE Johannes,Норвегия,50:08.5 [1(0+1+0+0)] +40.9,male20oneGonka
4,FILLON MAILLET Quentin,Франция,50:40.5 [2(1+0+1+0)] +1:12.9,male20oneGonka
5,BOE Johannes Thingnes,Норвегия,50:41.1 [2(0+1+0+1)] +1:13.5,male20oneGonka
6,KHALILI Said Karimulla,Россия,51:12.9 [0(0+0+0+0)] +1:45.3,male20oneGonka
7,EDER Simon,Австрия,51:27.3 [1(0+1+0+0)] +1:59.7,male20oneGonka
8,DOLL Benedikt,Германия,51:34.5 [2(1+1+0+0)] +2:06.9,male20oneGonka
9,PRYMA Artem,Украина,51:58.8 [1(0+0+0+1)] +2:31.2,male20oneGonka
10,REES Roman,Германия,51:59.2 [1(0+0+1+0)] +2:31.6,male20oneGonka
11,MORAVEC Ondrej,Чехия,52:00.4 [1(1+0+0+0)] +2:32.8,male20oneGonka
12,ILIEV Vladimir,Болгария,52:00.9 [1(1+0+0+0)] +2:33.3,male20oneGonka
13,JACQUELIN Emilien,Франция,52:14.5 [2(1+0+1+0)] +2:46.9,male20oneGonka
14,LEITNER Felix,Австрия,52:44.7 [2(0+1+0+1)] +3:17.1,male20oneGonka
15,FEMLING Peppe,Швеция,52:45.3 [0(0+0+0+0)] +3:17.7,male20oneGonka
16,GARANICHEV Evgeniy,Россия,52:58.5 [2(0+1+0+1)] +3:30.9,male20oneGonka
17,FINELLO Jeremy,Швейцария,53:02.8 [3(1+1+0+1)] +3:35.2,male20oneGonka
18,RASTORGUJEVS Andrejs,Латвия,53:06.5 [2(0+1+1+0)] +3:38.9,male20oneGonka
19,HOFER Lukas,Италия,53:09.6 [4(1+0+1+2)] +3:42.0,male20oneGonka
20,CLAUDE Florent,Бельгия,53:12.8 [1(0+0+0+1)] +3:45.2,male20oneGonka
21,FAK Jakov,Словения,53:17.4 [3(0+1+0+2)] +3:49.8,male20oneGonka
22,BROWN Jake,США,53:17.5 [2(0+0+1+1)] +3:49.9,male20oneGonka
23,DOVZAN Miha,Словения,53:18.1 [2(0+1+0+1)] +3:50.5,male20oneGonka
24,KUEHN Johannes,Германия,53:25.7 [3(0+2+0+1)] +3:58.1,male20oneGonka
25,SAMUELSSON Sebastian,Швеция,53:29.7 [3(2+1+0+0)] +4:02.1,male20oneGonka
26,ZEMLICKA Milan,Чехия,53:39.8 [0(0+0+0+0)] +4:12.2,male20oneGonka
27,KRCMAR Michal,Чехия,53:49.1 [3(0+1+1+1)] +4:21.5,male20oneGonka
28,DESTHIEUX Simon,Франция,53:51.5 [4(1+2+1+0)] +4:23.9,male20oneGonka
29,SMOLSKI Anton,Беларусь,53:58.9 [3(3+0+0+0)] +4:31.3,male20oneGonka
30,LABASTAU Mikita,Беларусь,54:01.2 [1(1+0+0+0)] +4:33.6,male20oneGonka
31,LOGINOV Alexander,Россия,54:02.6 [3(1+2+0+0)] +4:35.0,male20oneGonka
32,NORDGREN Leif,США,54:02.9 [2(1+0+0+1)] +4:35.3,male20oneGonka
33,ZAHKNA Rene,Эстония,54:09.7 [1(0+0+0+1)] +4:42.1,male20oneGonka
34,EBERHARD Julian,Австрия,54:13.1 [4(2+0+1+1)] +4:45.5,male20oneGonka
35,PONSILUOMA Martin,Швеция,54:15.6 [4(2+1+0+1)] +4:48.0,male20oneGonka
36,BUTA George,Румыния,54:20.5 [2(1+0+1+0)] +4:52.9,male20oneGonka
37,SEPPALA Tero,Финляндия,54:24.0 [4(0+1+0+3)] +4:56.4,male20oneGonka
38,DOMBROVSKI Karol,Литва,54:29.3 [1(1+0+0+0)] +5:01.7,male20oneGonka
39,RUNNALLS Adam,Канада,54:29.4 [3(1+1+0+1)] +5:01.8,male20oneGonka
40,GOW Scott,Канада,54:30.2 [3(0+1+1+1)] +5:02.6,male20oneGonka
41,CLAUDE Fabien,Франция,54:31.0 [4(1+0+2+1)] +5:03.4,male20oneGonka
42,TRSAN Rok,Словения,54:32.9 [2(0+0+1+1)] +5:05.3,male20oneGonka
43,WIESTNER Serafin,Швейцария,54:36.5 [3(1+1+1+0)] +5:08.9,male20oneGonka
44,TYSHCHENKO Artem,Украина,54:41.3 [1(0+0+0+1)] +5:13.7,male20oneGonka
45,WINDISCH Dominik,Италия,54:45.3 [5(1+3+1+0)] +5:17.7,male20oneGonka
46,DUDCHENKO Anton,Украина,54:46.2 [3(0+2+0+1)] +5:18.6,male20oneGonka
47,WEGER Benjamin,Швейцария,54:47.6 [3(2+1+0+0)] +5:20.0,male20oneGonka
48,CISAR Alex,Словения,54:57.6 [2(2+0+0+0)] +5:30.0,male20oneGonka
49,KOMATZ David,Австрия,54:57.8 [3(0+0+2+1)] +5:30.2,male20oneGonka
50,GERDZHIKOV Dimitar,Болгария,55:01.8 [2(1+1+0+0)] +5:34.2,male20oneGonka
51,MISE Edgars,Латвия,55:04.0 [1(0+0+0+1)] +5:36.4,male20oneGonka
52,DOHERTY Sean,США,55:04.6 [3(0+1+0+2)] +5:37.0,male20oneGonka
53,KAUKENAS Tomas,Литва,55:06.7 [3(1+0+0+2)] +5:39.1,male20oneGonka
54,VARABEI Maksim,Беларусь,55:15.1 [3(1+2+0+0)] +5:47.5,male20oneGonka
55,HASILLA Tomas,Словакия,55:15.5 [3(0+0+0+3)] +5:47.9,male20oneGonka
56,OZAKI Kosuke,Япония,55:17.5 [2(0+1+0+1)] +5:49.9,male20oneGonka
57,KOBONOKI Tsukasa,Япония,55:18.7 [3(1+0+1+1)] +5:51.1,male20oneGonka
58,NEDZA-KUBINIEC Andrzej,Польша,55:20.3 [2(0+1+1+0)] +5:52.7,male20oneGonka
59,SINAPOV Anton,Болгария,55:25.7 [4(0+2+0+2)] +5:58.1,male20oneGonka
60,BIONAZ Didier,Италия,55:26.2 [4(0+2+0+2)] +5:58.6,male20oneGonka
61,ELISEEV Matvey,Россия,55:29.6 [3(2+1+0+0)] +6:02.0,male20oneGonka
62,FLORE Raul Antonio,Румыния,55:50.6 [2(0+1+0+1)] +6:23.0,male20oneGonka
63,PUCHIANU Cornel,Румыния,55:58.3 [4(1+1+0+2)] +6:30.7,male20oneGonka
64,SIMA Michal,Словакия,55:58.6 [2(2+0+0+0)] +6:31.0,male20oneGonka
65,HARJULA Tuomas,Финляндия,56:02.2 [4(1+0+0+3)] +6:34.6,male20oneGonka
66,STROLIA Vytautas,Литва,56:05.8 [2(0+0+2+0)] +6:38.2,male20oneGonka
67,PIDRUCHNYI Dmytro,Украина,56:07.8 [6(1+2+2+1)] +6:40.2,male20oneGonka
68,BOCHARNIKOV Sergey,Беларусь,56:08.2 [3(0+1+1+1)] +6:40.6,male20oneGonka
69,MUKHIN Alexandr,Казахстан,56:12.3 [3(0+1+1+1)] +6:44.7,male20oneGonka
70,BOE Tarjei,Норвегия,56:34.6 [6(3+2+0+1)] +7:07.0,male20oneGonka
71,GIACOMEL Tommaso,Италия,56:49.9 [6(1+1+2+2)] +7:22.3,male20oneGonka
72,GUZIK Grzegorz,Польша,56:55.8 [5(1+0+2+2)] +7:28.2,male20oneGonka
73,GOW Christian,Канада,57:06.7 [4(0+1+2+1)] +7:39.1,male20oneGonka
74,SCHOMMER Paul,США,57:06.8 [4(2+1+0+1)] +7:39.2,male20oneGonka
75,JAEGER Martin,Швейцария,57:06.9 [5(1+3+0+1)] +7:39.3,male20oneGonka
76,HELDNA Robert,Эстония,57:09.4 [4(2+2+0+0)] +7:41.8,male20oneGonka
77,LANGER Thierry,Бельгия,57:11.8 [5(2+1+1+1)] +7:44.2,male20oneGonka
78,CHOI Dujin,Корея,57:20.8 [1(1+0+0+0)] +7:53.2,male20oneGonka
79,STVRTECKY Jakub,Чехия,57:32.7 [5(1+1+0+3)] +8:05.1,male20oneGonka
80,KIERS Trevor,Канада,57:39.5 [6(1+1+1+3)] +8:11.9,male20oneGonka
81,BELETSKIY Danil,Казахстан,57:42.0 [2(0+2+0+0)] +8:14.4,male20oneGonka
82,MAGAZEEV Pavel,Молдова,57:45.7 [5(1+2+1+1)] +8:18.1,male20oneGonka
83,NELIN Jesper,Швеция,57:49.3 [7(1+4+2+0)] +8:21.7,male20oneGonka
84,PATRIJUKS Aleksandrs,Латвия,57:54.4 [5(0+3+1+1)] +8:26.8,male20oneGonka
85,SIRIK Sergey,Казахстан,58:49.9 [3(0+0+2+1)] +9:22.3,male20oneGonka
86,BALOGA Matej,Словакия,59:24.9 [6(1+2+2+1)] +9:57.3,male20oneGonka
87,ANGELIS Apostolos,Греция,59:25.1 [6(1+3+0+2)] +9:57.5,male20oneGonka
88,SZWAJNOS Marcin,Польша,59:39.4 [6(1+4+0+1)] +10:11.8,male20oneGonka
89,ORYASHKOV Vladimir,Болгария,59:58.5 [4(3+0+0+1)] +10:30.9,male20oneGonka
90,USOV Mihail,Молдова,1:00:07.4 [4(0+3+0+1)] +10:39.8,male20oneGonka
91,RASTIC Damir,Сербия,1:00:09.7 [6(1+2+2+1)] +10:42.1,male20oneGonka
92,CRNKOVIC Kresimir,Хорватия,1:00:30.1 [8(4+2+0+2)] +11:02.5,male20oneGonka
93,LEE Suyoung,Корея,1:00:39.9 [4(1+2+1+0)] +11:12.3,male20oneGonka
94,ERMITS Kalev,Эстония,1:00:44.4 [8(3+1+3+1)] +11:16.8,male20oneGonka
95,HIIDENSALO Olli,Финляндия,1:01:15.7 [8(3+3+0+2)] +11:48.1,male20oneGonka
96,PIQUERAS GARCIA Roberto,Испания,1:01:24.7 [5(3+1+0+1)] +11:57.1,male20oneGonka
97,LAHAYE-GOFFART Tom,Бельгия,1:01:25.4 [7(3+2+0+2)] +11:57.8,male20oneGonka
98,FOUNTAIN Vinny,Великобритания,1:02:03.1 [6(1+3+1+1)] +12:35.5,male20oneGonka
99,TSOUREKAS Nikolaos,Греция,1:03:13.8 [6(3+1+1+1)] +13:46.2,male20oneGonka
100,GYALLAI Soma,Венгрия,1:09:44.4 [9(3+3+2+1)] +20:16.8,male20oneGonka
1,GUIGONNAT Antonin,Франция,36:42.4 [0+5] 0.0,oneES
1,SIMON Julia,Франция,36:42.4 [0+5] 0.0,oneES
2,BOE Johannes Thingnes,Норвегия,36:45.2 [0+9] +2.8,oneES
2,ECKHOFF Tiril,Норвегия,36:45.2 [0+9] +2.8,oneES
3,SAMUELSSON Sebastian,Швеция,37:05.0 [0+8] +22.6,oneES
3,OEBERG Hanna,Швеция,37:05.0 [0+8] +22.6,oneES
4,PRYMA Artem,Украина,37:18.3 [0+2] +35.9,oneES
4,BLASHKO Darya,Украина,37:18.3 [0+2] +35.9,oneES
5,HOFER Lukas,Италия,37:37.6 [1+6] +55.2,oneES
5,WIERER Dorothea,Италия,37:37.6 [1+6] +55.2,oneES
6,EDER Simon,Австрия,37:45.9 [1+7] +1:03.5,oneES
6,HAUSER Lisa Theresa,Австрия,37:45.9 [1+7] +1:03.5,oneES
7,LESSER Erik,Германия,38:03.6 [1+10] +1:21.2,oneES
7,PREUSS Franziska,Германия,38:03.6 [1+10] +1:21.2,oneES
8,GOW Christian,Канада,38:06.8 [0+6] +1:24.4,oneES
8,LUNDER Emma,Канада,38:06.8 [0+6] +1:24.4,oneES
9,WEGER Benjamin,Швейцария,38:32.6 [1+9] +1:50.2,oneES
9,CADURISCH Irene,Швейцария,38:32.6 [1+9] +1:50.2,oneES
10,ZAHKNA Rene,Эстония,38:38.8 [1+7] +1:56.4,oneES
10,TALIHAERM Johanna,Эстония,38:38.8 [1+7] +1:56.4,oneES
11,LATYPOV Eduard,Россия,38:38.8 [1+7] +1:56.8,oneES
11,PAVLOVA Evgeniya,Россия,38:38.8 [1+7] +1:56.8,oneES
12,LABASTAU Mikita,Беларусь,38:59.7 [0+7] +2:17.3,oneES
12,KRYUKO Iryna,Беларусь,38:59.7 [0+7] +2:17.3,oneES
13,FAK Jakov,Словения,39:14.2 [1+10] +2:31.8,oneES
13,KLEMENCIC Polona,Словения,39:14.2 [1+10] +2:31.8,oneES
14,PATRIJUKS Aleksandrs,Латвия,39:15.3 [1+8] +2:32.9,oneES
14,BENDIKA Baiba,Латвия,39:15.3 [1+8] +2:32.9,oneES
15,CLAUDE Florent,Бельгия,39:21.3 [0+4] +2:38.9,oneES
15,LIE Lotte,Бельгия,39:21.3 [0+4] +2:38.9,oneES
16,KARLIK Mikulas,Чехия,39:21.5 [0+6] +2:39.1,oneES
16,JISLOVA Jessica,Чехия,39:21.5 [0+6] +2:39.1,oneES
17,KIREYEV Vladislav,Казахстан,39:27.1 [0+3] +2:44.7,oneES
17,VISHNEVSKAYA-SHEPORENKO Galina,Казахстан,39:27.1 [0+3] +2:44.7,oneES
18,TACHIZAKI Mikito,Япония,39:42.2 [0+7] +2:59.8,oneES
18,TACHIZAKI Fuyuko,Япония,39:42.2 [0+7] +2:59.8,oneES
19,ILIEV Vladimir,Болгария,39:48.6 [1+10] +3:06.2,oneES
19,TODOROVA Milena,Болгария,39:48.6 [1+10] +3:06.2,oneES
20,BUTA George,Румыния,39:54.5 [0+7] +3:12.1,oneES
20,CHIRKOVA Elena,Румыния,39:54.5 [0+7] +3:12.1,oneES
21,HASILLA Tomas,Словакия,40:02.5 [0+14] +3:20.1,oneES
21,FIALKOVA Paulina,Словакия,40:02.5 [0+14] +3:20.1,oneES
22,DOHERTY Sean,США,40:14.1 [1+8] +3:31.7,oneES
22,EGAN Clare,США,40:14.1 [1+8] +3:31.7,oneES
23,KIM Yonggyu,Корея,40:38.2 [0+12] +3:55.8,oneES
23,AVVAKUMOVA Ekaterina,Корея,40:38.2 [0+12] +3:55.8,oneES
24,KAUKENAS Tomas,Литва,40:58.9 [0+16] +4:16.5,oneES
24,KOCERGINA Natalja,Литва,40:58.9 [0+16] +4:16.5,oneES
25,RANTA Jaakko,Финляндия,41:01.0 [2+16] +4:18.6,oneES
25,EDER Mari,Финляндия,41:01.0 [2+16] +4:18.6,oneES
26,GUZIK Grzegorz,Польша,41:11.6 [2+12] +4:29.2,oneES
26,ZUK Kamila,Польша,41:11.6 [2+12] +4:29.2,oneES
27,USOV Mihail,Молдова,42:04.8 [2+14] +5:22.4,oneES
27,GHILENKO Alla,Молдова,42:04.8 [2+14] +5:22.4,oneES
1,TANDREVOLD Ingrid Landmark,Норвегия,1:10:39.0 [0+11] 0.0,female4on6
1,ECKHOFF Tiril,Норвегия,1:10:39.0 [0+11] 0.0,female4on6
1,LIEN Ida,Норвегия,1:10:39.0 [0+11] 0.0,female4on6
1,ROEISELAND Marte Olsbu,Норвегия,1:10:39.0 [0+11] 0.0,female4on6
2,HINZ Vanessa,Германия,1:10:47.8 [0+5] +8.8,female4on6
2,HETTICH Janina,Германия,1:10:47.8 [0+5] +8.8,female4on6
2,HERRMANN Denise,Германия,1:10:47.8 [0+5] +8.8,female4on6
2,PREUSS Franziska,Германия,1:10:47.8 [0+5] +8.8,female4on6
3,MERKUSHYNA Anastasiya,Украина,1:10:48.2 [0+7] +9.2,female4on6
3,DZHIMA Yuliia,Украина,1:10:48.2 [0+7] +9.2,female4on6
3,BLASHKO Darya,Украина,1:10:48.2 [0+7] +9.2,female4on6
3,PIDHRUSHNA Olena,Украина,1:10:48.2 [0+7] +9.2,female4on6
4,KRYUKO Iryna,Беларусь,1:11:07.8 [0+8] +28.8,female4on6
4,ALIMBEKAVA Dzinara,Беларусь,1:11:07.8 [0+8] +28.8,female4on6
4,SOLA Hanna,Беларусь,1:11:07.8 [0+8] +28.8,female4on6
4,KRUCHINKINA Elena,Беларусь,1:11:07.8 [0+8] +28.8,female4on6
5,SKOTTHEIM Johanna,Швеция,1:11:26.9 [0+9] +47.9,female4on6
5,PERSSON Linn,Швеция,1:11:26.9 [0+9] +47.9,female4on6
5,OEBERG Elvira,Швеция,1:11:26.9 [0+9] +47.9,female4on6
5,OEBERG Hanna,Швеция,1:11:26.9 [0+9] +47.9,female4on6
6,ZBYLUT Kinga,Польша,1:11:31.1 [0+6] +52.1,female4on6
6,HOJNISZ-STAREGA Monika,Польша,1:11:31.1 [0+6] +52.1,female4on6
6,ZUK Kamila,Польша,1:11:31.1 [0+6] +52.1,female4on6
6,MAKA Anna,Польша,1:11:31.1 [0+6] +52.1,female4on6
7,ZDOUC Dunja,Австрия,1:11:43.3 [0+15] +1:04.3,female4on6
7,INNERHOFER Katharina,Австрия,1:11:43.3 [0+15] +1:04.3,female4on6
7,SCHWAIGER Julia,Австрия,1:11:43.3 [0+15] +1:04.3,female4on6
7,HAUSER Lisa Theresa,Австрия,1:11:43.3 [0+15] +1:04.3,female4on6
8,BESCOND Anais,Франция,1:11:54.2 [0+5] +1:15.2,female4on6
8,CHEVALIER-BOUCHET Anais,Франция,1:11:54.2 [0+5] +1:15.2,female4on6
8,CHEVALIER Chloe,Франция,1:11:54.2 [0+5] +1:15.2,female4on6
8,SIMON Julia,Франция,1:11:54.2 [0+5] +1:15.2,female4on6
9,VITTOZZI Lisa,Италия,1:12:07.1 [0+9] +1:28.1,female4on6
9,CARRARA Michela,Италия,1:12:07.1 [0+9] +1:28.1,female4on6
9,SANFILIPPO Federica,Италия,1:12:07.1 [0+9] +1:28.1,female4on6
9,WIERER Dorothea,Италия,1:12:07.1 [0+9] +1:28.1,female4on6
10,JISLOVA Jessica,Чехия,1:12:19.4 [0+6] +1:40.4,female4on6
10,PUSKARCIKOVA Eva,Чехия,1:12:19.4 [0+6] +1:40.4,female4on6
10,DAVIDOVA Marketa,Чехия,1:12:19.4 [0+6] +1:40.4,female4on6
10,CHARVATOVA Lucie,Чехия,1:12:19.4 [0+6] +1:40.4,female4on6
11,PAVLOVA Evgeniya,Россия,1:12:49.9 [1+7] +2:10.9,female4on6
11,AKIMOVA Tatiana,Россия,1:12:49.9 [1+7] +2:10.9,female4on6
11,MIRONOVA Svetlana,Россия,1:12:49.9 [1+7] +2:10.9,female4on6
11,KAISHEVA Uliana,Россия,1:12:49.9 [1+7] +2:10.9,female4on6
12,GASPARIN Aita,Швейцария,1:14:39.7 [1+13] +4:00.7,female4on6
12,GASPARIN Selina,Швейцария,1:14:39.7 [1+13] +4:00.7,female4on6
12,GASPARIN Elisa,Швейцария,1:14:39.7 [1+13] +4:00.7,female4on6
12,HAECKI Lena,Швейцария,1:14:39.7 [1+13] +4:00.7,female4on6
13,DUNKLEE Susan,США,1:14:58.6 [2+11] +4:19.6,female4on6
13,REID Joanne,США,1:14:58.6 [2+11] +4:19.6,female4on6
13,EGAN Clare,США,1:14:58.6 [2+11] +4:19.6,female4on6
13,IRWIN Deedra,США,1:14:58.6 [2+11] +4:19.6,female4on6
14,MINKKINEN Suvi,Финляндия,1:15:25.8 [1+7] +4:46.8,female4on6
14,EDER Mari,Финляндия,1:15:25.8 [1+7] +4:46.8,female4on6
14,JANKA Erika,Финляндия,1:15:25.8 [1+7] +4:46.8,female4on6
14,KINNUNEN Nastassia,Финляндия,1:15:25.8 [1+7] +4:46.8,female4on6
15,TACHIZAKI Fuyuko,Япония,1:15:37.0 [0+6] +4:58.0,female4on6
15,MAEDA Sari,Япония,1:15:37.0 [0+6] +4:58.0,female4on6
15,TANAKA Yurie,Япония,1:15:37.0 [0+6] +4:58.0,female4on6
15,HACHISUKA Asuka,Япония,1:15:37.0 [0+6] +4:58.0,female4on6
16,MOSER Nadia,Канада,1:16:27.3 [1+14] +5:48.3,female4on6
16,LUNDER Emma,Канада,1:16:27.3 [1+14] +5:48.3,female4on6
16,BANKES Megan,Канада,1:16:27.3 [1+14] +5:48.3,female4on6
16,BEAUDRY Sarah,Канада,1:16:27.3 [1+14] +5:48.3,female4on6
17,OJA Regina,Эстония,1:16:36.8 [0+11] +5:57.8,female4on6
17,TALIHAERM Johanna,Эстония,1:16:36.8 [0+11] +5:57.8,female4on6
17,TOMINGAS Tuuli,Эстония,1:16:36.8 [0+11] +5:57.8,female4on6
17,LEHTLA Kadri,Эстония,1:16:36.8 [0+11] +5:57.8,female4on6
18,TODOROVA Milena,Болгария,1:17:13.7 [0+9] +6:34.7,female4on6
18,KADEVA Daniela,Болгария,1:17:13.7 [0+9] +6:34.7,female4on6
18,ZDRAVKOVA Maria,Болгария,1:17:13.7 [0+9] +6:34.7,female4on6
18,DIMITROVA Valentina,Болгария,1:17:13.7 [0+9] +6:34.7,female4on6
19,KLEMENCIC Polona,Словения,1:17:38.3 [3+12] +6:59.3,female4on6
19,REPINC Lena,Словения,1:17:38.3 [3+12] +6:59.3,female4on6
19,KLEMENCIC Ziva,Словения,1:17:38.3 [3+12] +6:59.3,female4on6
19,EINFALT Lea,Словения,1:17:38.3 [3+12] +6:59.3,female4on6
20,VISHNEVSKAYA-SHEPORENKO Galina,Казахстан,1:17:49.4 [0+7] +7:10.4,female4on6
20,AKHATOVA Lyudmila,Казахстан,1:17:49.4 [0+7] +7:10.4,female4on6
20,BELCHENKO Yelizaveta,Казахстан,1:17:49.4 [0+7] +7:10.4,female4on6
20,KONDRATYEVA Anastassiya,Казахстан,1:17:49.4 [0+7] +7:10.4,female4on6
1,LAEGREID Sturla Holm,Норвегия,1:12:27.4 [0+8] 0.0,male4on75
1,BOE Tarjei,Норвегия,1:12:27.4 [0+8] 0.0,male4on75
1,BOE Johannes Thingnes,Норвегия,1:12:27.4 [0+8] 0.0,male4on75
1,CHRISTIANSEN Vetle Sjaastad,Норвегия,1:12:27.4 [0+8] 0.0,male4on75
2,FEMLING Peppe,Швеция,1:13:00.5 [0+7] +33.1,male4on75
2,NELIN Jesper,Швеция,1:13:00.5 [0+7] +33.1,male4on75
2,PONSILUOMA Martin,Швеция,1:13:00.5 [0+7] +33.1,male4on75
2,SAMUELSSON Sebastian,Швеция,1:13:00.5 [0+7] +33.1,male4on75
3,KHALILI Said Karimulla,Россия,1:13:18.3 [0+5] +50.9,male4on75
3,ELISEEV Matvey,Россия,1:13:18.3 [0+5] +50.9,male4on75
3,LOGINOV Alexander,Россия,1:13:18.3 [0+5] +50.9,male4on75
3,LATYPOV Eduard,Россия,1:13:18.3 [0+5] +50.9,male4on75
4,GUIGONNAT Antonin,Франция,1:13:29.4 [1+11] +1:02.0,male4on75
4,FILLON MAILLET Quentin,Франция,1:13:29.4 [1+11] +1:02.0,male4on75
4,DESTHIEUX Simon,Франция,1:13:29.4 [1+11] +1:02.0,male4on75
4,JACQUELIN Emilien,Франция,1:13:29.4 [1+11] +1:02.0,male4on75
5,TSYMBAL Bogdan,Украина,1:13:40.1 [0+4] +1:12.7,male4on75
5,PIDRUCHNYI Dmytro,Украина,1:13:40.1 [0+4] +1:12.7,male4on75
5,PRYMA Artem,Украина,1:13:40.1 [0+4] +1:12.7,male4on75
5,DUDCHENKO Anton,Украина,1:13:40.1 [0+4] +1:12.7,male4on75
6,BIONAZ Didier,Италия,1:14:02.9 [2+14] +1:35.5,male4on75
6,HOFER Lukas,Италия,1:14:02.9 [2+14] +1:35.5,male4on75
6,GIACOMEL Tommaso,Италия,1:14:02.9 [2+14] +1:35.5,male4on75
6,WINDISCH Dominik,Италия,1:14:02.9 [2+14] +1:35.5,male4on75
7,LESSER Erik,Германия,1:14:10.6 [0+4] +1:43.2,male4on75
7,REES Roman,Германия,1:14:10.6 [0+4] +1:43.2,male4on75
7,PEIFFER Arnd,Германия,1:14:10.6 [0+4] +1:43.2,male4on75
7,DOLL Benedikt,Германия,1:14:10.6 [0+4] +1:43.2,male4on75
8,DOVZAN Miha,Словения,1:14:11.7 [0+8] +1:44.3,male4on75
8,FAK Jakov,Словения,1:14:11.7 [0+8] +1:44.3,male4on75
8,TRSAN Rok,Словения,1:14:11.7 [0+8] +1:44.3,male4on75
8,CISAR Alex,Словения,1:14:11.7 [0+8] +1:44.3,male4on75
9,LABASTAU Mikita,Беларусь,1:14:52.8 [0+9] +2:25.4,male4on75
9,SMOLSKI Anton,Беларусь,1:14:52.8 [0+9] +2:25.4,male4on75
9,VARABEI Maksim,Беларусь,1:14:52.8 [0+9] +2:25.4,male4on75
9,LAZOUSKI Dzmitry,Беларусь,1:14:52.8 [0+9] +2:25.4,male4on75
10,KOMATZ David,Австрия,1:14:58.5 [1+6] +2:31.1,male4on75
10,EDER Simon,Австрия,1:14:58.5 [1+6] +2:31.1,male4on75
10,LEITNER Felix,Австрия,1:14:58.5 [1+6] +2:31.1,male4on75
10,EBERHARD Julian,Австрия,1:14:58.5 [1+6] +2:31.1,male4on75
11,HARTWEG Niklas,Швейцария,1:15:15.7 [3+9] +2:48.3,male4on75
11,WEGER Benjamin,Швейцария,1:15:15.7 [3+9] +2:48.3,male4on75
11,FINELLO Jeremy,Швейцария,1:15:15.7 [3+9] +2:48.3,male4on75
11,WIESTNER Serafin,Швейцария,1:15:15.7 [3+9] +2:48.3,male4on75
12,RUNNALLS Adam,Канада,1:15:31.0 [0+4] +3:03.6,male4on75
12,GOW Scott,Канада,1:15:31.0 [0+4] +3:03.6,male4on75
12,KIERS Trevor,Канада,1:15:31.0 [0+4] +3:03.6,male4on75
12,GOW Christian,Канада,1:15:31.0 [0+4] +3:03.6,male4on75
13,KARLIK Mikulas,Чехия,1:16:53.5 [1+9] +4:26.1,male4on75
13,MORAVEC Ondrej,Чехия,1:16:53.5 [1+9] +4:26.1,male4on75
13,STVRTECKY Jakub,Чехия,1:16:53.5 [1+9] +4:26.1,male4on75
13,KRCMAR Michal,Чехия,1:16:53.5 [1+9] +4:26.1,male4on75
14,BUTA George,Румыния,1:17:12.1 [0+9] +4:44.7,male4on75
14,PUCHIANU Cornel,Румыния,1:17:12.1 [0+9] +4:44.7,male4on75
14,OSKIN Anatoly,Румыния,1:17:12.1 [0+9] +4:44.7,male4on75
14,FLORE Raul Antonio,Румыния,1:17:12.1 [0+9] +4:44.7,male4on75
15,NORDGREN Leif,США,1:17:23.0 [2+12] +4:55.6,male4on75
15,BROWN Jake,США,1:17:23.0 [2+12] +4:55.6,male4on75
15,SCHOMMER Paul,США,1:17:23.0 [2+12] +4:55.6,male4on75
15,DOHERTY Sean,США,1:17:23.0 [2+12] +4:55.6,male4on75
16,GERDZHIKOV Dimitar,Болгария,1:17:30.3 [0+11] +5:02.9,male4on75
16,SINAPOV Anton,Болгария,1:17:30.3 [0+11] +5:02.9,male4on75
16,ILIEV Vladimir,Болгария,1:17:30.3 [0+11] +5:02.9,male4on75
16,TODEV Blagoy,Болгария,1:17:30.3 [0+11] +5:02.9,male4on75
17,SIMA Michal,Словакия,1:18:05.3 [2+12] +5:37.9,male4on75
17,HASILLA Tomas,Словакия,1:18:05.3 [2+12] +5:37.9,male4on75
17,BARTKO Simon,Словакия,1:18:05.3 [2+12] +5:37.9,male4on75
17,BALOGA Matej,Словакия,1:18:05.3 [2+12] +5:37.9,male4on75
18,TACHIZAKI Mikito,Япония,1:19:11.2 [2+12] +6:43.8,male4on75
18,KOBONOKI Tsukasa,Япония,1:19:11.2 [2+12] +6:43.8,male4on75
18,OZAKI Kosuke,Япония,1:19:11.2 [2+12] +6:43.8,male4on75
18,NAKAJIMA Jin,Япония,1:19:11.2 [2+12] +6:43.8,male4on75
19,HARJULA Tuomas,Финляндия,1:19:37.2 [1+8] +7:09.8,male4on75
19,SEPPALA Tero,Финляндия,1:19:37.2 [1+8] +7:09.8,male4on75
19,RANTA Jaakko,Финляндия,1:19:37.2 [1+8] +7:09.8,male4on75
19,HIIDENSALO Olli,Финляндия,1:19:37.2 [1+8] +7:09.8,male4on75
1,HAUSER Lisa Theresa,Австрия,36:05.7 [0(0+0+0+0)] 0.0,female125mass
2,TANDREVOLD Ingrid Landmark,Норвегия,36:27.4 [1(0+0+1+0)] +21.7,female125mass
3,ECKHOFF Tiril,Норвегия,36:28.7 [3(1+0+1+1)] +23.0,female125mass
4,ROEISELAND Marte Olsbu,Норвегия,36:29.3 [1(0+1+0+0)] +23.6,female125mass
5,VITTOZZI Lisa,Италия,36:54.6 [1(0+1+0+0)] +48.9,female125mass
6,PREUSS Franziska,Германия,36:58.3 [2(1+0+1+0)] +52.6,female125mass
7,OEBERG Hanna,Швеция,37:03.4 [2(1+0+1+0)] +57.7,female125mass
8,WIERER Dorothea,Италия,37:11.0 [3(1+0+1+1)] +1:05.3,female125mass
9,BENDIKA Baiba,Латвия,37:20.0 [2(0+0+0+2)] +1:14.3,female125mass
10,HINZ Vanessa,Германия,37:26.9 [1(0+0+1+0)] +1:21.2,female125mass
11,PERSSON Linn,Швеция,37:32.2 [3(0+1+1+1)] +1:26.5,female125mass
12,PIDHRUSHNA Olena,Украина,37:42.2 [2(0+0+1+1)] +1:36.5,female125mass
13,DAVIDOVA Marketa,Чехия,37:49.4 [2(0+1+1+0)] +1:43.7,female125mass
14,OEBERG Elvira,Швеция,38:00.6 [3(1+1+1+0)] +1:54.9,female125mass
15,HAECKI Lena,Швейцария,38:12.3 [3(1+0+1+1)] +2:06.6,female125mass
16,SIMON Julia,Франция,38:23.5 [4(3+0+0+1)] +2:17.8,female125mass
17,LUNDER Emma,Канада,38:26.3 [3(0+1+2+0)] +2:20.6,female125mass
18,GASPARIN Selina,Швейцария,38:26.6 [4(0+2+1+1)] +2:20.9,female125mass
19,MIRONOVA Svetlana,Россия,38:27.5 [6(0+1+4+1)] +2:21.8,female125mass
20,KAZAKEVICH Irina,Россия,38:31.0 [4(0+0+2+2)] +2:25.3,female125mass
21,GASPARIN Elisa,Швейцария,38:44.3 [3(0+0+2+1)] +2:38.6,female125mass
22,HOJNISZ-STAREGA Monika,Польша,38:44.6 [4(1+2+1+0)] +2:38.9,female125mass
23,BESCOND Anais,Франция,39:01.2 [3(1+0+1+1)] +2:55.5,female125mass
24,LIEN Ida,Норвегия,39:13.0 [4(0+1+2+1)] +3:07.3,female125mass
25,DUNKLEE Susan,США,39:17.0 [3(0+2+0+1)] +3:11.3,female125mass
26,ALIMBEKAVA Dzinara,Беларусь,39:18.0 [7(4+1+0+2)] +3:12.3,female125mass
27,CHEVALIER-BOUCHET Anais,Франция,39:37.0 [5(2+2+1+0)] +3:31.3,female125mass
28,BRAISAZ-BOUCHET Justine,Франция,40:20.5 [7(2+2+2+1)] +4:14.8,female125mass
29,BLASHKO Darya,Украина,41:05.9 [6(2+1+0+3)] +5:00.2,female125mass
30,SOLA Hanna,Беларусь,42:03.6 [11(3+3+4+1)] +5:57.9,female125mass
1,LAEGREID Sturla Holm,Норвегия,36:27.2 [1(0+0+0+1)] 0.0,male15mass
2,DALE Johannes,Норвегия,36:37.4 [2(0+1+1+0)] +10.2,male15mass
3,FILLON MAILLET Quentin,Франция,36:40.0 [2(1+1+0+0)] +12.8,male15mass
4,EDER Simon,Австрия,36:50.3 [1(0+0+0+1)] +23.1,male15mass
5,FAK Jakov,Словения,36:57.2 [1(0+0+0+1)] +30.0,male15mass
6,BOE Tarjei,Норвегия,37:00.5 [2(0+1+0+1)] +33.3,male15mass
7,HOFER Lukas,Италия,37:06.9 [2(0+1+0+1)] +39.7,male15mass
8,BOE Johannes Thingnes,Норвегия,37:12.6 [5(2+0+2+1)] +45.4,male15mass
9,LOGINOV Alexander,Россия,37:17.2 [2(0+1+0+1)] +50.0,male15mass
10,SAMUELSSON Sebastian,Швеция,37:26.9 [3(0+0+2+1)] +59.7,male15mass
11,GOW Christian,Канада,37:29.3 [1(0+0+1+0)] +1:02.1,male15mass
12,PEIFFER Arnd,Германия,37:36.4 [3(0+0+1+2)] +1:09.2,male15mass
13,DESTHIEUX Simon,Франция,37:49.1 [3(1+1+1+0)] +1:21.9,male15mass
14,LATYPOV Eduard,Россия,37:59.3 [2(0+1+1+0)] +1:32.1,male15mass
15,ELISEEV Matvey,Россия,38:11.1 [3(1+1+1+0)] +1:43.9,male15mass
16,CHRISTIANSEN Vetle Sjaastad,Норвегия,38:26.8 [4(1+2+1+0)] +1:59.6,male15mass
17,GUIGONNAT Antonin,Франция,38:32.1 [4(1+3+0+0)] +2:04.9,male15mass
18,DOVZAN Miha,Словения,38:38.5 [2(1+0+0+1)] +2:11.3,male15mass
19,PONSILUOMA Martin,Швеция,38:45.6 [6(1+3+1+1)] +2:18.4,male15mass
20,KHALILI Said Karimulla,Россия,38:46.3 [3(1+1+0+1)] +2:19.1,male15mass
21,PRYMA Artem,Украина,39:09.8 [5(0+1+1+3)] +2:42.6,male15mass
22,RASTORGUJEVS Andrejs,Латвия,39:22.3 [5(2+1+1+1)] +2:55.1,male15mass
23,DOLL Benedikt,Германия,39:25.7 [6(3+0+1+2)] +2:58.5,male15mass
24,BORMOLINI Thomas,Италия,39:30.7 [2(1+0+1+0)] +3:03.5,male15mass
25,CLAUDE Florent,Бельгия,39:47.9 [3(0+1+1+1)] +3:20.7,male15mass
26,KRCMAR Michal,Чехия,39:53.2 [5(1+0+1+3)] +3:26.0,male15mass
27,FEMLING Peppe,Швеция,39:53.3 [4(1+2+0+1)] +3:26.1,male15mass
28,NELIN Jesper,Швеция,40:19.2 [6(2+2+2+0)] +3:52.0,male15mass
29,BROWN Jake,США,40:24.3 [6(1+0+4+1)] +3:57.1,male15mass
30,JACQUELIN Emilien,Франция,43:36.7 [5(0+5+0+0)] +7:09.5,male15mass