1,VOIGT Vanessa,Германия,38:52.3 [0(0+0+0+0)] 0.0,female125oneGonka
2,KEBINGER Hanna,Германия,38:59.2 [0(0+0+0+0)] +6.9,female125oneGonka
3,PHANEUF Madeleine,США,39:18.5 [1(0+1+0+0)] +26.2,female125oneGonka
4,DEIGENTESCH Marion,Германия,39:20.6 [1(0+1+0+0)] +28.3,female125oneGonka
5,WEIDEL Anna,Германия,39:37.4 [2(1+0+1+0)] +45.1,female125oneGonka
6,FEMSTEINEVIK Ragnhild,Норвегия,39:53.0 [2(0+2+0+0)] +1:00.7,female125oneGonka
7,JEANMONNOT Lou,Франция,39:53.3 [1(0+0+1+0)] +1:01.0,female125oneGonka
8,COMOLA Samuela,Италия,39:53.4 [0(0+0+0+0)] +1:01.1,female125oneGonka
9,PETRENKO Iryna,Украина,39:55.1 [1(0+0+0+1)] +1:02.8,female125oneGonka
10,KRYVONOS Anna,Украина,40:05.4 [1(0+0+0+1)] +1:13.1,female125oneGonka
11,HOEGBERG Elisabeth,Швеция,40:15.1 [3(0+1+1+1)] +1:22.8,female125oneGonka
12,ANDERSSON Ingela,Швеция,40:21.5 [4(1+1+0+2)] +1:29.2,female125oneGonka
13,FRUEHWIRT Juliane,Германия,40:24.4 [2(0+1+1+0)] +1:32.1,female125oneGonka
14,VOLKEN Flurina,Швейцария,40:27.1 [1(1+0+0+0)] +1:34.8,female125oneGonka
15,MAGNUSSON Anna,Швеция,40:29.6 [3(0+1+0+2)] +1:37.3,female125oneGonka
16,VASNETCOVA Valeriia,Россия,40:34.9 [3(1+0+1+1)] +1:42.6,female125oneGonka
17,TOMASZEWSKA Natalia,Польша,40:38.5 [1(0+1+0+0)] +1:46.2,female125oneGonka
18,SCHMIDT Elisabeth,Германия,40:56.8 [2(1+1+0+0)] +2:04.5,female125oneGonka
19,GERBULOVA Natalia,Россия,41:05.1 [4(2+0+1+1)] +2:12.8,female125oneGonka
20,KALKENBERG Emilie Aagheim,Норвегия,41:19.0 [2(0+2+0+0)] +2:26.7,female125oneGonka
21,GUIGONNAT Gilonne,Франция,41:30.1 [2(0+0+1+1)] +2:37.8,female125oneGonka
22,EGOROVA Anastasiia,Россия,41:34.5 [4(0+1+1+2)] +2:42.2,female125oneGonka
23,JOHANSEN Marthe Krakstad,Норвегия,41:36.9 [1(0+0+0+1)] +2:44.6,female125oneGonka
24,KAPLINA Elizaveta,Россия,41:41.2 [1(0+1+0+0)] +2:48.9,female125oneGonka
25,NILSSON Stina,Швеция,41:42.3 [5(0+3+0+2)] +2:50.0,female125oneGonka
26,JURCOVA Natalie,Чехия,41:44.5 [1(0+1+0+0)] +2:52.2,female125oneGonka
27,STEINER Tamara,Австрия,41:44.7 [2(2+0+0+0)] +2:52.4,female125oneGonka
28,HENDEL Helene Therese,Германия,41:45.1 [1(0+1+0+0)] +2:52.8,female125oneGonka
29,HEDSTROM Anna,Швеция,42:04.9 [3(0+2+1+0)] +3:12.6,female125oneGonka
30,DI LALLO Sabine,Швейцария,42:17.7 [2(0+2+0+0)] +3:25.4,female125oneGonka
31,IVANOVA Aliona,Молдова,42:18.3 [2(0+1+0+1)] +3:26.0,female125oneGonka
32,VINKLARKOVA Tereza,Чехия,42:20.7 [2(0+2+0+0)] +3:28.4,female125oneGonka
33,TOLMACHEVA Anastasia,Румыния,42:28.2 [2(0+0+0+2)] +3:35.9,female125oneGonka
34,SKREDE Aasne,Норвегия,42:30.1 [3(1+0+0+2)] +3:37.8,female125oneGonka
35,GAIM Grete,Эстония,42:34.8 [2(0+0+1+1)] +3:42.5,female125oneGonka
36,OBERTHALER Kristina,Австрия,42:35.9 [2(0+2+0+0)] +3:43.6,female125oneGonka
37,GWIZDON Magdalena,Польша,42:36.1 [4(1+0+0+3)] +3:43.8,female125oneGonka
38,COUPE Camille,Франция,42:41.7 [3(0+1+1+1)] +3:49.4,female125oneGonka
39,REMENOVA Maria,Словакия,42:48.5 [4(1+1+1+1)] +3:56.2,female125oneGonka
40,LAARI Sanna,Финляндия,42:58.9 [3(0+0+0+3)] +4:06.6,female125oneGonka
41,TKADLECOVA Anna,Чехия,43:00.0 [2(0+1+1+0)] +4:07.7,female125oneGonka
42,SCHERER Stefanie,Германия,43:04.2 [5(1+1+2+1)] +4:11.9,female125oneGonka
43,LIND Annie,Швеция,43:05.6 [4(2+1+0+1)] +4:13.3,female125oneGonka
44,SHEVNINA Polina,Россия,43:06.1 [4(0+0+3+1)] +4:13.8,female125oneGonka
45,KUUTTINEN Heidi,Финляндия,43:07.9 [3(0+1+1+1)] +4:15.6,female125oneGonka
46,GROSSMAN Hallie,США,43:18.9 [6(0+1+1+4)] +4:26.6,female125oneGonka
47,NOSKOVA Ekaterina,Россия,43:30.4 [7(1+2+2+2)] +4:38.1,female125oneGonka
48,DICKINSON Kelsey Joan,США,43:46.5 [2(1+0+0+1)] +4:54.2,female125oneGonka
49,KVELVANE Une Christiane Tronerud,Норвегия,43:54.4 [4(1+0+2+1)] +5:02.1,female125oneGonka
49,CICHON Kamila,Польша,43:54.4 [2(1+0+1+0)] +5:02.1,female125oneGonka
51,TANAKA Kirari,Япония,44:01.3 [4(0+1+1+2)] +5:09.0,female125oneGonka
52,GONTIER Nicole,Италия,44:20.1 [7(1+2+3+1)] +5:27.8,female125oneGonka
53,FAUNER Eleonora,Италия,44:20.4 [5(1+1+0+3)] +5:28.1,female125oneGonka
54,LINDQVIST Felicia,Швеция,44:21.9 [4(0+0+3+1)] +5:29.6,female125oneGonka
55,MOSHCHENKOVA Olga,Россия,44:22.0 [6(0+2+3+1)] +5:29.7,female125oneGonka
56,KUELM Susan,Эстония,44:39.2 [6(2+3+0+1)] +5:46.9,female125oneGonka
57,BARMETTLER Flavia,Швейцария,44:53.8 [7(0+1+3+3)] +6:01.5,female125oneGonka
58,MEIER-RUGE Ladina,Швейцария,44:54.0 [3(2+1+0+0)] +6:01.7,female125oneGonka
59,BIELKINA Nadiia,Украина,44:57.2 [6(2+2+1+1)] +6:04.9,female125oneGonka
60,MEINEN Susanna,Швейцария,45:11.7 [8(2+2+1+3)] +6:19.4,female125oneGonka
61,BULINA Sandra,Латвия,45:28.8 [4(1+1+0+2)] +6:36.5,female125oneGonka
62,SMERCIAKOVA Aneta,Словакия,45:33.5 [4(0+2+2+0)] +6:41.2,female125oneGonka
63,HORNIAKOVA Barbora,Словакия,45:38.5 [2(0+1+0+1)] +6:46.2,female125oneGonka
64,DUSILOVA Karolina,Чехия,45:45.2 [3(2+1+0+0)] +6:52.9,female125oneGonka
65,ERDAL Karoline,Норвегия,45:53.6 [6(1+1+4+0)] +7:01.3,female125oneGonka
66,HOCHSCHARTNER Lucy,США,45:56.5 [6(0+0+3+3)] +7:04.2,female125oneGonka
67,MARTON Eniko,Румыния,46:06.4 [8(1+4+1+2)] +7:14.1,female125oneGonka
68,DMYTRENKO Valeriya,Украина,46:37.2 [6(1+1+1+3)] +7:44.9,female125oneGonka
69,KUDISOVA Alina,Россия,46:40.5 [10(4+4+0+2)] +7:48.2,female125oneGonka
70,KUKONLEHTO Hilda,Финляндия,46:56.0 [5(0+2+2+1)] +8:03.7,female125oneGonka
71,JUNG Jumi,Корея,47:25.4 [6(2+0+1+3)] +8:33.1,female125oneGonka
72,GOLUBEVA Inese,Латвия,47:25.5 [1(1+0+0+0)] +8:33.2,female125oneGonka
73,KERANEN Jenni,Финляндия,47:33.4 [5(1+1+0+3)] +8:41.1,female125oneGonka
74,POLEDNOVA Klara,Чехия,47:45.7 [6(0+2+1+3)] +8:53.4,female125oneGonka
75,ABE Mariya,Корея,48:14.0 [6(3+1+1+1)] +9:21.7,female125oneGonka
76,ANDRAS Vivien-Bernadett,Румыния,49:42.9 [5(1+0+2+2)] +10:50.6,female125oneGonka
77,VANCSA Szilvia,Румыния,49:48.1 [6(1+1+2+2)] +10:55.8,female125oneGonka
78,MAIER Mikayla,США,49:56.4 [9(1+2+4+2)] +11:04.1,female125oneGonka
79,SKACANOVA Barbara,Словакия,49:58.4 [6(1+2+1+2)] +11:06.1,female125oneGonka
80,DOLGOPOLOVA Xeniya,Казахстан,52:34.4 [6(3+1+0+2)] +13:42.1,female125oneGonka
81,KESELAKOVA Alena,Словакия,52:37.1 [9(3+1+3+2)] +13:44.8,female125oneGonka
82,LACZKO Evelin-Vivien,Венгрия,57:15.0 [7(2+0+3+2)] +18:22.7,female125oneGonka
1,PORSHNEV Nikita,Россия,39:22.2 [0(0+0+0+0)] 0.0,male15oneGonka
2,STRELOW Justus,Германия,39:35.8 [1(0+1+0+0)] +13.6,male15oneGonka
3,STROEMSHEIM Endre,Норвегия,39:37.9 [2(0+0+1+1)] +15.7,male15oneGonka
4,EBERHARD Tobias,Австрия,39:40.1 [1(0+0+0+1)] +17.9,male15oneGonka
5,ROMANIN Nicola,Италия,39:47.1 [0(0+0+0+0)] +24.9,male15oneGonka
6,SUCHILOV Semen,Россия,39:53.0 [2(1+0+1+0)] +30.8,male15oneGonka
7,NAWRATH Philipp,Германия,40:02.8 [3(1+1+0+1)] +40.6,male15oneGonka
8,BJOENTEGAARD Erlend,Норвегия,40:06.3 [2(1+1+0+0)] +44.1,male15oneGonka
9,FRATZSCHER Lucas,Германия,40:12.0 [2(1+0+0+1)] +49.8,male15oneGonka
10,HORN Philipp,Германия,40:14.2 [3(0+0+1+2)] +52.0,male15oneGonka
11,LAITINEN Heikki,Финляндия,40:15.0 [1(0+0+1+0)] +52.8,male15oneGonka
12,DONHAUSER Johannes Werner,Германия,40:19.9 [1(0+0+0+1)] +57.7,male15oneGonka
13,TKALENKO Ruslan,Украина,40:21.8 [1(0+1+0+0)] +59.6,male15oneGonka
14,STEGMAYR Gabriel,Швеция,40:26.0 [1(0+0+0+1)] +1:03.8,male15oneGonka
15,ZOBEL David,Германия,40:32.1 [3(0+1+1+1)] +1:09.9,male15oneGonka
16,STRELTSOV Kirill,Россия,40:42.5 [3(0+1+1+1)] +1:20.3,male15oneGonka
17,YALIOTNAU Raman,Беларусь,40:42.8 [3(1+1+0+1)] +1:20.6,male15oneGonka
18,GROSS Marco,Германия,40:51.6 [1(1+0+0+0)] +1:29.4,male15oneGonka
19,LESIUK Taras,Украина,41:09.6 [2(0+0+0+2)] +1:47.4,male15oneGonka
20,ANDERSEN Aleksander Fjeld,Норвегия,41:12.6 [2(0+1+1+0)] +1:50.4,male15oneGonka
21,BOGETVEIT Haavard Gutuboe,Норвегия,41:21.2 [2(1+0+0+1)] +1:59.0,male15oneGonka
22,BRANDT Oskar,Швеция,41:39.8 [3(0+0+1+2)] +2:17.6,male15oneGonka
23,BURKHALTER Joscha,Швейцария,41:41.6 [4(0+0+2+2)] +2:19.4,male15oneGonka
24,DOTSENKO Andriy,Украина,41:42.7 [3(0+1+1+1)] +2:20.5,male15oneGonka
25,HALLSTROEM Simon,Швеция,41:43.1 [3(0+2+0+1)] +2:20.9,male15oneGonka
25,HOMBERG Niklas,Германия,41:43.1 [4(2+0+0+2)] +2:20.9,male15oneGonka
27,FILIMONOV Vadim,Россия,41:44.0 [2(0+0+0+2)] +2:21.8,male15oneGonka
28,VACLAVIK Adam,Чехия,42:08.0 [4(1+3+0+0)] +2:45.8,male15oneGonka
29,RIVAIL Hugo,Франция,42:09.5 [3(1+1+1+0)] +2:47.3,male15oneGonka
29,LEITINGER Nikolaus,Австрия,42:09.5 [2(2+0+0+0)] +2:47.3,male15oneGonka
31,KRUPCIK Tomas,Чехия,42:15.1 [3(1+1+0+1)] +2:52.9,male15oneGonka
32,STALDER Sebastian,Швейцария,42:25.1 [3(0+0+0+3)] +3:02.9,male15oneGonka
33,BOVISI Sandro,Швейцария,42:26.5 [3(2+0+1+0)] +3:04.3,male15oneGonka
34,NASYKO Denys,Украина,42:28.7 [5(1+1+1+2)] +3:06.5,male15oneGonka
35,TOMSHIN Vasilii,Россия,42:29.1 [4(2+0+0+2)] +3:06.9,male15oneGonka
36,KOCIAN Jakub,Чехия,42:29.5 [0(0+0+0+0)] +3:07.3,male15oneGonka
37,TAMBORNINO Eligius,Швейцария,42:38.0 [4(1+3+0+0)] +3:15.8,male15oneGonka
38,JAKOB Patrick,Австрия,42:50.5 [4(0+2+0+2)] +3:28.3,male15oneGonka
39,IDINOV Evgenii,Россия,42:51.6 [5(0+1+1+3)] +3:29.4,male15oneGonka
40,NEUMANN Michal,Польша,42:52.6 [1(0+1+0+0)] +3:30.4,male15oneGonka
41,BOURGEOIS REPUBLIQUE Martin,Франция,42:55.1 [4(0+3+0+1)] +3:32.9,male15oneGonka
42,BRAUNHOFER Patrick,Италия,42:56.0 [3(0+0+2+1)] +3:33.8,male15oneGonka
43,MEUNIER Ambroise,Франция,42:56.6 [3(0+2+0+1)] +3:34.4,male15oneGonka
44,FONTAINE Paul,Франция,42:59.8 [3(1+2+0+0)] +3:37.6,male15oneGonka
45,GOESSLING Raleigh,США,43:00.1 [3(0+1+1+1)] +3:37.9,male15oneGonka
46,MUSTONEN Joni,Финляндия,43:07.9 [5(1+1+2+1)] +3:45.7,male15oneGonka
47,CAPPELLARI Daniele,Италия,43:09.0 [3(1+0+2+0)] +3:46.8,male15oneGonka
48,ANDERSEN Filip Fjeld,Норвегия,43:11.0 [4(0+2+0+2)] +3:48.8,male15oneGonka
49,BAKKEN Sivert Guttorm,Норвегия,43:13.0 [4(0+2+1+1)] +3:50.8,male15oneGonka
50,KODAMA Shohei,Япония,43:31.9 [3(1+1+0+1)] +4:09.7,male15oneGonka
51,PANCERZ Przemyslaw,Польша,43:34.7 [2(0+1+1+0)] +4:12.5,male15oneGonka
52,BROUTIER Remi,Франция,43:36.9 [5(1+2+1+1)] +4:14.7,male15oneGonka
53,MAKAROV Maksim,Молдова,43:37.9 [4(0+0+3+1)] +4:15.7,male15oneGonka
54,CERVENKA Vaclav,США,43:40.9 [5(1+1+0+3)] +4:18.7,male15oneGonka
55,NYKVIST Emil,Швеция,43:43.4 [2(0+1+1+0)] +4:21.2,male15oneGonka
56,KUPPELWIESER Jan,Италия,43:45.1 [3(2+1+0+0)] +4:22.9,male15oneGonka
57,OBERHAUSER Magnus,Австрия,43:49.6 [5(1+2+1+1)] +4:27.4,male15oneGonka
58,MONTELLO Giuseppe,Италия,43:54.9 [7(3+3+0+1)] +4:32.7,male15oneGonka
59,ZINI Saverio,Италия,43:55.5 [4(0+1+1+2)] +4:33.3,male15oneGonka
60,PITZER Lucas,Австрия,43:57.4 [4(1+1+0+2)] +4:35.2,male15oneGonka
61,CAMPBELL Carsen,США,44:03.3 [3(2+0+0+1)] +4:41.1,male15oneGonka
62,AUSEYENKA Ilya,Беларусь,44:05.8 [5(0+2+2+1)] +4:43.6,male15oneGonka
63,BONACCI Vincent,США,44:20.4 [3(0+1+0+2)] +4:58.2,male15oneGonka
64,SALUTT Nico,Швейцария,44:27.6 [5(1+2+0+2)] +5:05.4,male15oneGonka
65,SKORUSA Wojciech,Польша,44:32.8 [3(0+1+0+2)] +5:10.6,male15oneGonka
66,KABRDA Josef,Чехия,44:40.1 [3(0+1+0+2)] +5:17.9,male15oneGonka
67,PELTONIEMI Lauri,Финляндия,44:42.2 [3(0+2+1+0)] +5:20.0,male15oneGonka
68,TRIXL Sebastian,Австрия,44:51.0 [4(2+1+0+1)] +5:28.8,male15oneGonka
69,TELEN Serhiy,Украина,44:54.0 [3(0+1+2+0)] +5:31.8,male15oneGonka
70,BRYHADYR Ruslan,Украина,44:56.0 [5(2+0+2+1)] +5:33.8,male15oneGonka
71,GEGO Hunor,Румыния,45:06.3 [6(1+2+2+1)] +5:44.1,male15oneGonka
72,BUTA Florin-Catalin,Румыния,45:12.6 [6(2+1+2+1)] +5:50.4,male15oneGonka
73,TRUSH Vitaliy,Украина,45:13.6 [6(2+2+0+2)] +5:51.4,male15oneGonka
74,BALODIS Rudis,Латвия,45:24.8 [3(0+0+2+1)] +6:02.6,male15oneGonka
75,PERV Joosep,Эстония,45:52.4 [4(0+3+0+1)] +6:30.2,male15oneGonka
76,BAISHO Kazuki,Япония,46:11.4 [6(1+2+1+2)] +6:49.2,male15oneGonka
77,BROWN Luke,США,46:20.6 [7(0+2+2+3)] +6:58.4,male15oneGonka
78,USOV Andrei,Молдова,46:30.6 [5(0+2+1+2)] +7:08.4,male15oneGonka
79,BERGMAN Johan,Швеция,46:32.0 [5(0+2+1+2)] +7:09.8,male15oneGonka
80,BRAUN Maxim,Казахстан,47:15.6 [4(2+1+0+1)] +7:53.4,male15oneGonka
81,BIRKENTALS Renars,Латвия,47:22.2 [7(2+2+2+1)] +8:00.0,male15oneGonka
82,SIDOROWICZ Lukasz,Польша,47:38.4 [7(2+2+1+2)] +8:16.2,male15oneGonka
83,GREGOR Matej,Словакия,48:29.0 [4(0+0+2+2)] +9:06.8,male15oneGonka
84,RUUSUNEN Otto,Финляндия,48:33.4 [8(2+3+2+1)] +9:11.2,male15oneGonka
85,DUICU Adelin Miodrag,Румыния,48:43.4 [9(3+2+2+2)] +9:21.2,male15oneGonka
86,MATJUHINS Kirils,Латвия,49:41.1 [12(3+2+2+5)] +10:18.9,male15oneGonka
87,GAIDUC Nicolae,Молдова,49:44.2 [5(1+0+1+3)] +10:22.0,male15oneGonka
88,DELDESH Dastan,Казахстан,49:45.1 [8(2+1+2+3)] +10:22.9,male15oneGonka
89,CESNEK Damian,Словакия,49:54.9 [8(4+2+1+1)] +10:32.7,male15oneGonka
90,TURLUBEKOV Bekentay,Казахстан,50:31.3 [11(3+3+4+1)] +11:09.1,male15oneGonka
91,TERENTJEV Stepan,Литва,50:39.8 [9(3+3+2+1)] +11:17.6,male15oneGonka
92,FOMINYKH Grigori,Эстония,50:46.0 [7(0+2+3+2)] +11:23.8,male15oneGonka
93,KOSTELNIK Viliam,Словакия,50:48.7 [6(3+0+1+2)] +11:26.5,male15oneGonka
94,GRUMEZA Robert,Румыния,50:55.3 [10(4+2+2+2)] +11:33.1,male15oneGonka
95,DYUSSENOV Asset,Казахстан,51:15.8 [14(1+3+5+5)] +11:53.6,male15oneGonka
96,OSIPOVS Nikita,Латвия,51:31.3 [9(5+3+0+1)] +12:09.1,male15oneGonka
97,JAKELIUNAS Lukas,Литва,52:35.7 [12(2+3+4+3)] +13:13.5,male15oneGonka
98,STRBA Pavol,Словакия,53:26.8 [6(3+1+1+1)] +14:04.6,male15oneGonka
99,BUKI Adam,Венгрия,53:43.1 [12(3+4+2+3)] +14:20.9,male15oneGonka
100,SENDREA Victor,Молдова,55:50.3 [11(3+2+3+3)] +16:28.1,male15oneGonka
1,GERBULOVA Natalia,Россия,1:06:47.5 [2+9] 0.0,female4on6
1,NOSKOVA Ekaterina,Россия,1:06:47.5 [2+9] 0.0,female4on6
1,VASNETCOVA Valeriia,Россия,1:06:47.5 [2+9] 0.0,female4on6
1,EGOROVA Anastasiia,Россия,1:06:47.5 [2+9] 0.0,female4on6
2,HOEGBERG Elisabeth,Швеция,1:06:56.9 [2+12] +9.4,female4on6
2,NILSSON Stina,Швеция,1:06:56.9 [2+12] +9.4,female4on6
2,ANDERSSON Ingela,Швеция,1:06:56.9 [2+12] +9.4,female4on6
2,HEDSTROM Anna,Швеция,1:06:56.9 [2+12] +9.4,female4on6
3,WEIDEL Anna,Германия,1:07:14.0 [1+8] +26.5,female4on6
3,FRUEHWIRT Juliane,Германия,1:07:14.0 [1+8] +26.5,female4on6
3,KEBINGER Hanna,Германия,1:07:14.0 [1+8] +26.5,female4on6
3,DEIGENTESCH Marion,Германия,1:07:14.0 [1+8] +26.5,female4on6
4,KALKENBERG Emilie Aagheim,Норвегия,1:08:25.7 [1+12] +1:38.2,female4on6
4,SKREDE Aasne,Норвегия,1:08:25.7 [1+12] +1:38.2,female4on6
4,FEMSTEINEVIK Ragnhild,Норвегия,1:08:25.7 [1+12] +1:38.2,female4on6
4,ERDAL Karoline,Норвегия,1:08:25.7 [1+12] +1:38.2,female4on6
5,GUIGONNAT Gilonne,Франция,1:09:13.7 [2+9] +2:26.2,female4on6
5,COLOMBO Caroline,Франция,1:09:13.7 [2+9] +2:26.2,female4on6
5,COUPE Camille,Франция,1:09:13.7 [2+9] +2:26.2,female4on6
5,JEANMONNOT Lou,Франция,1:09:13.7 [2+9] +2:26.2,female4on6
6,SEMERENKO Vita,Украина,1:09:19.9 [2+14] +2:32.4,female4on6
6,KRYVONOS Anna,Украина,1:09:19.9 [2+14] +2:32.4,female4on6
6,BIELKINA Nadiia,Украина,1:09:19.9 [2+14] +2:32.4,female4on6
6,PETRENKO Iryna,Украина,1:09:19.9 [2+14] +2:32.4,female4on6
7,PHANEUF Madeleine,США,1:13:35.7 [5+14] +6:48.2,female4on6
7,GROSSMAN Hallie,США,1:13:35.7 [5+14] +6:48.2,female4on6
7,DICKINSON Kelsey Joan,США,1:13:35.7 [5+14] +6:48.2,female4on6
7,HOCHSCHARTNER Lucy,США,1:13:35.7 [5+14] +6:48.2,female4on6
1,STRELOW Justus,Германия,1:16:16.5 [1+9] 0.0,male4on75
1,FRATZSCHER Lucas,Германия,1:16:16.5 [1+9] 0.0,male4on75
1,HORN Philipp,Германия,1:16:16.5 [1+9] 0.0,male4on75
1,NAWRATH Philipp,Германия,1:16:16.5 [1+9] 0.0,male4on75
2,STRELTSOV Kirill,Россия,1:16:43.1 [0+6] +26.6,male4on75
2,TOMSHIN Vasilii,Россия,1:16:43.1 [0+6] +26.6,male4on75
2,PORSHNEV Nikita,Россия,1:16:43.1 [0+6] +26.6,male4on75
2,SUCHILOV Semen,Россия,1:16:43.1 [0+6] +26.6,male4on75
3,ANDERSEN Aleksander Fjeld,Норвегия,1:16:55.8 [2+8] +39.3,male4on75
3,BJOENTEGAARD Erlend,Норвегия,1:16:55.8 [2+8] +39.3,male4on75
3,BOGETVEIT Haavard Gutuboe,Норвегия,1:16:55.8 [2+8] +39.3,male4on75
3,STROEMSHEIM Endre,Норвегия,1:16:55.8 [2+8] +39.3,male4on75
4,NASYKO Denys,Украина,1:17:05.5 [1+10] +49.0,male4on75
4,DOTSENKO Andriy,Украина,1:17:05.5 [1+10] +49.0,male4on75
4,LESIUK Taras,Украина,1:17:05.5 [1+10] +49.0,male4on75
4,TKALENKO Ruslan,Украина,1:17:05.5 [1+10] +49.0,male4on75
5,LEITINGER Nikolaus,Австрия,1:19:38.9 [0+12] +3:22.4,male4on75
5,EBERHARD Tobias,Австрия,1:19:38.9 [0+12] +3:22.4,male4on75
5,OBERHAUSER Magnus,Австрия,1:19:38.9 [0+12] +3:22.4,male4on75
5,JAKOB Patrick,Австрия,1:19:38.9 [0+12] +3:22.4,male4on75
6,BOURGEOIS REPUBLIQUE Martin,Франция,1:20:29.0 [2+11] +4:12.5,male4on75
6,FONTAINE Paul,Франция,1:20:29.0 [2+11] +4:12.5,male4on75
6,MEUNIER Ambroise,Франция,1:20:29.0 [2+11] +4:12.5,male4on75
6,RIVAIL Hugo,Франция,1:20:29.0 [2+11] +4:12.5,male4on75
7,CAPPELLARI Daniele,Италия,1:20:47.5 [4+15] +4:31.0,male4on75
7,MONTELLO Giuseppe,Италия,1:20:47.5 [4+15] +4:31.0,male4on75
7,ROMANIN Nicola,Италия,1:20:47.5 [4+15] +4:31.0,male4on75
7,BRAUNHOFER Patrick,Италия,1:20:47.5 [4+15] +4:31.0,male4on75
8,NYKVIST Emil,Швеция,1:21:22.1 [4+9] +5:05.6,male4on75
8,HALLSTROEM Simon,Швеция,1:21:22.1 [4+9] +5:05.6,male4on75
8,BRANDT Oskar,Швеция,1:21:22.1 [4+9] +5:05.6,male4on75
8,STEGMAYR Gabriel,Швеция,1:21:22.1 [4+9] +5:05.6,male4on75
9,STALDER Sebastian,Швейцария,1:21:48.9 [4+18] +5:32.4,male4on75
9,BOVISI Sandro,Швейцария,1:21:48.9 [4+18] +5:32.4,male4on75
9,SALUTT Nico,Швейцария,1:21:48.9 [4+18] +5:32.4,male4on75
9,BURKHALTER Joscha,Швейцария,1:21:48.9 [4+18] +5:32.4,male4on75
10,KOCIAN Jakub,Чехия,1:21:58.0 [1+13] +5:41.5,male4on75
10,KRUPCIK Tomas,Чехия,1:21:58.0 [1+13] +5:41.5,male4on75
10,VACLAVIK Adam,Чехия,1:21:58.0 [1+13] +5:41.5,male4on75
10,KABRDA Josef,Чехия,1:21:58.0 [1+13] +5:41.5,male4on75
11,CAMPBELL Carsen,США,1:22:32.3 [2+13] +6:15.8,male4on75
11,GOESSLING Raleigh,США,1:22:32.3 [2+13] +6:15.8,male4on75
11,CERVENKA Vaclav,США,1:22:32.3 [2+13] +6:15.8,male4on75
11,BONACCI Vincent,США,1:22:32.3 [2+13] +6:15.8,male4on75
12,BUTA Florin-Catalin,Румыния,1:22:35.4 [0+18] +6:18.9,male4on75
12,COLTEA George Marian,Румыния,1:22:35.4 [0+18] +6:18.9,male4on75
12,GEGO Hunor,Румыния,1:22:35.4 [0+18] +6:18.9,male4on75
12,DUICU Adelin Miodrag,Румыния,1:22:35.4 [0+18] +6:18.9,male4on75
13,LAITINEN Heikki,Финляндия,1:23:08.9 [3+15] +6:52.4,male4on75
13,MUSTONEN Joni,Финляндия,1:23:08.9 [3+15] +6:52.4,male4on75
13,PELTONIEMI Lauri,Финляндия,1:23:08.9 [3+15] +6:52.4,male4on75
13,RUUSUNEN Otto,Финляндия,1:23:08.9 [3+15] +6:52.4,male4on75
1,EGOROVA Anastasiia,Россия,19:57.1 [0(0+0)] 0.0,female75sprint
2,JOHANSEN Marthe Krakstad,Норвегия,20:11.8 [0(0+0)] +14.7,female75sprint
3,ERDAL Karoline,Норвегия,20:14.5 [1(0+1)] +17.4,female75sprint
4,KRYVONOS Anna,Украина,20:14.7 [0(0+0)] +17.6,female75sprint
5,VOIGT Vanessa,Германия,20:17.0 [1(0+1)] +19.9,female75sprint
6,ANDERSSON Ingela,Швеция,20:17.8 [1(0+1)] +20.7,female75sprint
7,WEIDEL Anna,Германия,20:20.3 [0(0+0)] +23.2,female75sprint
8,FEMSTEINEVIK Ragnhild,Норвегия,20:21.3 [2(0+2)] +24.2,female75sprint
9,KEBINGER Hanna,Германия,20:36.2 [0(0+0)] +39.1,female75sprint
10,COLOMBO Caroline,Франция,20:36.5 [2(1+1)] +39.4,female75sprint
10,NOSKOVA Ekaterina,Россия,20:36.5 [2(1+1)] +39.4,female75sprint
12,DEIGENTESCH Marion,Германия,20:41.5 [1(0+1)] +44.4,female75sprint
13,FRUEHWIRT Juliane,Германия,20:42.6 [1(0+1)] +45.5,female75sprint
14,LINDQVIST Felicia,Швеция,20:43.2 [1(0+1)] +46.1,female75sprint
15,JEANMONNOT Lou,Франция,20:47.6 [1(0+1)] +50.5,female75sprint
16,PETRENKO Iryna,Украина,20:47.7 [1(1+0)] +50.6,female75sprint
17,VOLKEN Flurina,Швейцария,20:50.1 [1(1+0)] +53.0,female75sprint
18,MARTON Eniko,Румыния,20:58.4 [1(1+0)] +1:01.3,female75sprint
19,MEINEN Susanna,Швейцария,21:00.5 [2(2+0)] +1:03.4,female75sprint
20,KALKENBERG Emilie Aagheim,Норвегия,21:02.7 [3(1+2)] +1:05.6,female75sprint
21,SKREDE Aasne,Норвегия,21:03.3 [3(0+3)] +1:06.2,female75sprint
22,GHILENKO Alla,Молдова,21:03.8 [1(0+1)] +1:06.7,female75sprint
23,KUELM Susan,Эстония,21:04.3 [0(0+0)] +1:07.2,female75sprint
24,LIND Annie,Швеция,21:05.3 [1(1+0)] +1:08.2,female75sprint
25,SHEVNINA Polina,Россия,21:07.4 [1(0+1)] +1:10.3,female75sprint
26,PHANEUF Madeleine,США,21:11.4 [2(0+2)] +1:14.3,female75sprint
27,VASNETCOVA Valeriia,Россия,21:14.3 [3(1+2)] +1:17.2,female75sprint
28,BIELKINA Nadiia,Украина,21:19.0 [1(1+0)] +1:21.9,female75sprint
29,HOEGBERG Elisabeth,Швеция,21:19.1 [3(2+1)] +1:22.0,female75sprint
30,GERBULOVA Natalia,Россия,21:27.4 [3(0+3)] +1:30.3,female75sprint
31,NILSSON Stina,Швеция,21:28.0 [4(2+2)] +1:30.9,female75sprint
32,LAARI Sanna,Финляндия,21:28.6 [1(1+0)] +1:31.5,female75sprint
33,COMOLA Samuela,Италия,21:29.7 [1(1+0)] +1:32.6,female75sprint
34,JURCOVA Natalie,Чехия,21:33.2 [2(2+0)] +1:36.1,female75sprint
35,VINKLARKOVA Tereza,Чехия,21:37.4 [2(2+0)] +1:40.3,female75sprint
36,TOMASZEWSKA Natalia,Польша,21:38.8 [1(1+0)] +1:41.7,female75sprint
37,SCHMIDT Elisabeth,Германия,21:39.4 [1(1+0)] +1:42.3,female75sprint
38,GUIGONNAT Gilonne,Франция,21:45.0 [3(1+2)] +1:47.9,female75sprint
39,GONTIER Nicole,Италия,21:48.6 [4(2+2)] +1:51.5,female75sprint
40,HEDSTROM Anna,Швеция,21:49.9 [3(1+2)] +1:52.8,female75sprint
41,HENDEL Helene Therese,Германия,21:51.0 [1(1+0)] +1:53.9,female75sprint
42,GWIZDON Magdalena,Польша,21:52.4 [3(1+2)] +1:55.3,female75sprint
43,KAPLINA Elizaveta,Россия,21:54.4 [2(1+1)] +1:57.3,female75sprint
44,COUPE Camille,Франция,21:58.0 [2(1+1)] +2:00.9,female75sprint
45,LIGHTFOOT Amanda,Великобритания,21:58.7 [2(2+0)] +2:01.6,female75sprint
46,POLEDNOVA Klara,Чехия,22:00.0 [1(0+1)] +2:02.9,female75sprint
47,PITON Karolina,Польша,22:04.3 [3(2+1)] +2:07.2,female75sprint
48,FAUNER Eleonora,Италия,22:06.6 [3(3+0)] +2:09.5,female75sprint
49,TOLMACHEVA Anastasia,Румыния,22:12.7 [0(0+0)] +2:15.6,female75sprint
50,SCHERER Stefanie,Германия,22:13.2 [3(1+2)] +2:16.1,female75sprint
51,MOSHCHENKOVA Olga,Россия,22:14.9 [4(2+2)] +2:17.8,female75sprint
52,TKADLECOVA Anna,Чехия,22:17.9 [3(0+3)] +2:20.8,female75sprint
53,KVELVANE Une Christiane Tronerud,Норвегия,22:23.5 [4(1+3)] +2:26.4,female75sprint
54,STREMOUS Alina,Молдова,22:24.5 [4(1+3)] +2:27.4,female75sprint
55,MEIER-RUGE Ladina,Швейцария,22:26.1 [2(1+1)] +2:29.0,female75sprint
56,DI LALLO Sabine,Швейцария,22:35.7 [4(1+3)] +2:38.6,female75sprint
57,COLEBOURN Jillian Wei-Lin,Австралия,22:36.1 [2(2+0)] +2:39.0,female75sprint
58,DMYTRENKO Valeriya,Украина,22:38.8 [1(0+1)] +2:41.7,female75sprint
59,JUNG Jumi,Корея,22:46.5 [2(0+2)] +2:49.4,female75sprint
60,REMENOVA Maria,Словакия,22:48.0 [4(2+2)] +2:50.9,female75sprint
61,BARMETTLER Flavia,Швейцария,22:48.5 [4(2+2)] +2:51.4,female75sprint
62,GROSSMAN Hallie,США,22:53.6 [5(3+2)] +2:56.5,female75sprint
63,GAIM Grete,Эстония,22:54.3 [4(3+1)] +2:57.2,female75sprint
64,TANAKA Kirari,Япония,22:54.4 [3(2+1)] +2:57.3,female75sprint
65,CICHON Kamila,Польша,22:59.9 [2(1+1)] +3:02.8,female75sprint
66,HOCHSCHARTNER Lucy,США,23:00.8 [4(2+2)] +3:03.7,female75sprint
67,DICKINSON Kelsey Joan,США,23:03.8 [4(2+2)] +3:06.7,female75sprint
68,KERANEN Jenni,Финляндия,23:07.3 [2(0+2)] +3:10.2,female75sprint
69,KUDISOVA Alina,Россия,23:18.2 [6(3+3)] +3:21.1,female75sprint
70,KUUTTINEN Heidi,Финляндия,23:29.0 [4(3+1)] +3:31.9,female75sprint
71,MAIER Mikayla,США,23:33.9 [4(1+3)] +3:36.8,female75sprint
72,HORNIAKOVA Barbora,Словакия,23:36.4 [3(2+1)] +3:39.3,female75sprint
73,KUKONLEHTO Hilda,Финляндия,24:20.9 [4(0+4)] +4:23.8,female75sprint
74,VANCSA Szilvia,Румыния,24:41.0 [2(2+0)] +4:43.9,female75sprint
75,DUSILOVA Karolina,Чехия,25:14.6 [4(2+2)] +5:17.5,female75sprint
76,ANDRAS Vivien-Bernadett,Румыния,25:20.3 [5(3+2)] +5:23.2,female75sprint
77,SKACANOVA Barbara,Словакия,25:22.8 [5(3+2)] +5:25.7,female75sprint
78,DOLGOPOLOVA Xeniya,Казахстан,25:23.1 [5(2+3)] +5:26.0,female75sprint
79,SMERCIAKOVA Aneta,Словакия,25:34.5 [7(4+3)] +5:37.4,female75sprint
80,KESELAKOVA Alena,Словакия,25:41.5 [4(2+2)] +5:44.4,female75sprint
81,ABE Mariya,Корея,26:07.2 [5(3+2)] +6:10.1,female75sprint
1,NAWRATH Philipp,Германия,25:01.2 [1(0+1)] 0.0,male10sprint
2,ZOBEL David,Германия,25:01.6 [0(0+0)] +0.4,male10sprint
3,TKALENKO Ruslan,Украина,25:12.7 [0(0+0)] +11.5,male10sprint
3,HORN Philipp,Германия,25:12.7 [1(1+0)] +11.5,male10sprint
5,ANDERSEN Filip Fjeld,Норвегия,25:14.6 [1(0+1)] +13.4,male10sprint
6,BAKKEN Sivert Guttorm,Норвегия,25:16.2 [1(1+0)] +15.0,male10sprint
7,BOGETVEIT Haavard Gutuboe,Норвегия,25:16.3 [2(0+2)] +15.1,male10sprint
8,DOTSENKO Andriy,Украина,25:18.5 [0(0+0)] +17.3,male10sprint
9,ANDERSEN Aleksander Fjeld,Норвегия,25:20.2 [1(0+1)] +19.0,male10sprint
10,PORSHNEV Nikita,Россия,25:20.6 [0(0+0)] +19.4,male10sprint
11,BROUTIER Remi,Франция,25:30.2 [0(0+0)] +29.0,male10sprint
12,YALIOTNAU Raman,Беларусь,25:30.7 [2(1+1)] +29.5,male10sprint
13,STROEMSHEIM Endre,Норвегия,25:33.0 [2(0+2)] +31.8,male10sprint
14,DONHAUSER Johannes Werner,Германия,25:40.2 [0(0+0)] +39.0,male10sprint
15,FRATZSCHER Lucas,Германия,25:42.7 [1(1+0)] +41.5,male10sprint
16,STRELOW Justus,Германия,25:42.9 [1(0+1)] +41.7,male10sprint
17,IDINOV Evgenii,Россия,25:48.5 [1(1+0)] +47.3,male10sprint
18,MONTELLO Giuseppe,Италия,25:49.2 [1(1+0)] +48.0,male10sprint
19,BJOENTEGAARD Erlend,Норвегия,25:51.1 [3(2+1)] +49.9,male10sprint
20,SUCHILOV Semen,Россия,25:51.3 [1(1+0)] +50.1,male10sprint
21,VACLAVIK Adam,Чехия,25:55.9 [2(1+1)] +54.7,male10sprint
22,CERVENKA Vaclav,США,25:57.9 [1(1+0)] +56.7,male10sprint
23,JAKOB Patrick,Австрия,25:59.9 [1(1+0)] +58.7,male10sprint
24,LAITINEN Heikki,Финляндия,26:01.5 [1(0+1)] +1:00.3,male10sprint
25,RIVAIL Hugo,Франция,26:03.8 [1(1+0)] +1:02.6,male10sprint
25,BURKHALTER Joscha,Швейцария,26:03.8 [2(1+1)] +1:02.6,male10sprint
25,EBERHARD Tobias,Австрия,26:03.8 [1(0+1)] +1:02.6,male10sprint
28,ROMANIN Nicola,Италия,26:07.0 [1(0+1)] +1:05.8,male10sprint
29,STALDER Sebastian,Швейцария,26:08.1 [1(0+1)] +1:06.9,male10sprint
30,BOURGEOIS REPUBLIQUE Martin,Франция,26:08.4 [1(0+1)] +1:07.2,male10sprint
31,SALUTT Nico,Швейцария,26:13.7 [1(1+0)] +1:12.5,male10sprint
32,STRELTSOV Kirill,Россия,26:19.3 [3(2+1)] +1:18.1,male10sprint
33,BRAUNHOFER Patrick,Италия,26:22.1 [2(2+0)] +1:20.9,male10sprint
34,AUSEYENKA Ilya,Беларусь,26:24.2 [1(0+1)] +1:23.0,male10sprint
35,COLTEA George Marian,Румыния,26:28.2 [1(1+0)] +1:27.0,male10sprint
36,LESIUK Taras,Украина,26:29.6 [2(0+2)] +1:28.4,male10sprint
37,PITZER Lucas,Австрия,26:30.0 [1(0+1)] +1:28.8,male10sprint
38,TOMSHIN Vasilii,Россия,26:37.5 [1(1+0)] +1:36.3,male10sprint
39,LEITINGER Nikolaus,Австрия,26:39.4 [1(0+1)] +1:38.2,male10sprint
40,GROSS Marco,Германия,26:40.4 [2(1+1)] +1:39.2,male10sprint
41,CAMPBELL Carsen,США,26:47.6 [0(0+0)] +1:46.4,male10sprint
42,ZINI Saverio,Италия,26:48.3 [3(1+2)] +1:47.1,male10sprint
43,KRUPCIK Tomas,Чехия,26:48.5 [3(0+3)] +1:47.3,male10sprint
44,HALLSTROEM Simon,Швеция,26:48.6 [3(3+0)] +1:47.4,male10sprint
45,STEGMAYR Gabriel,Швеция,26:50.6 [2(0+2)] +1:49.4,male10sprint
46,RASTIC Damir,Сербия,26:51.9 [2(0+2)] +1:50.7,male10sprint
47,HOMBERG Niklas,Германия,26:52.7 [4(2+2)] +1:51.5,male10sprint
48,TELEN Serhiy,Украина,26:53.6 [0(0+0)] +1:52.4,male10sprint
49,CAPPELLARI Daniele,Италия,26:53.7 [2(1+1)] +1:52.5,male10sprint
50,NASYKO Denys,Украина,26:59.0 [4(2+2)] +1:57.8,male10sprint
51,BRYHADYR Ruslan,Украина,27:01.8 [0(0+0)] +2:00.6,male10sprint
52,TAMBORNINO Eligius,Швейцария,27:03.2 [4(2+2)] +2:02.0,male10sprint
53,DUICU Adelin Miodrag,Румыния,27:04.2 [0(0+0)] +2:03.0,male10sprint
54,BRANDT Oskar,Швеция,27:06.4 [4(1+3)] +2:05.2,male10sprint
55,BUTA Florin-Catalin,Румыния,27:12.0 [1(1+0)] +2:10.8,male10sprint
56,KUPPELWIESER Jan,Италия,27:15.6 [1(1+0)] +2:14.4,male10sprint
57,TRUSH Vitaliy,Украина,27:19.3 [1(1+0)] +2:18.1,male10sprint
58,BOVISI Sandro,Швейцария,27:23.4 [3(2+1)] +2:22.2,male10sprint
59,MUSTONEN Joni,Финляндия,27:24.7 [4(2+2)] +2:23.5,male10sprint
60,KODAMA Shohei,Япония,27:28.6 [2(2+0)] +2:27.4,male10sprint
61,BAISHO Kazuki,Япония,27:29.9 [2(1+1)] +2:28.7,male10sprint
62,DYUSSENOV Asset,Казахстан,27:34.6 [4(2+2)] +2:33.4,male10sprint
63,GEGO Hunor,Румыния,27:39.2 [2(1+1)] +2:38.0,male10sprint
64,TRIXL Sebastian,Австрия,27:42.0 [3(1+2)] +2:40.8,male10sprint
65,NYKVIST Emil,Швеция,27:42.9 [2(1+1)] +2:41.7,male10sprint
66,RUUSUNEN Otto,Финляндия,27:47.4 [1(0+1)] +2:46.2,male10sprint
67,PANCERZ Przemyslaw,Польша,27:47.9 [2(0+2)] +2:46.7,male10sprint
68,BONACCI Vincent,США,27:49.8 [2(0+2)] +2:48.6,male10sprint
69,KOCIAN Jakub,Чехия,27:51.7 [1(0+1)] +2:50.5,male10sprint
70,FILIMONOV Vadim,Россия,27:52.3 [4(3+1)] +2:51.1,male10sprint
71,BROWN Luke,США,27:54.4 [4(2+2)] +2:53.2,male10sprint
72,GRUMEZA Robert,Румыния,27:56.3 [0(0+0)] +2:55.1,male10sprint
73,SKORUSA Wojciech,Польша,27:56.6 [2(1+1)] +2:55.4,male10sprint
74,MEUNIER Ambroise,Франция,27:58.4 [4(1+3)] +2:57.2,male10sprint
75,TURLUBEKOV Bekentay,Казахстан,27:59.1 [3(0+3)] +2:57.9,male10sprint
76,FONTAINE Paul,Франция,28:00.5 [4(3+1)] +2:59.3,male10sprint
77,PIQUERAS GARCIA Roberto,Испания,28:09.3 [2(2+0)] +3:08.1,male10sprint
78,KABRDA Josef,Чехия,28:18.0 [3(1+2)] +3:16.8,male10sprint
79,OBERHAUSER Magnus,Австрия,28:20.4 [5(2+3)] +3:19.2,male10sprint
80,BERGMAN Johan,Швеция,28:25.7 [4(2+2)] +3:24.5,male10sprint
81,BRAUN Maxim,Казахстан,28:30.2 [0(0+0)] +3:29.0,male10sprint
82,SIDOROWICZ Lukasz,Польша,28:37.1 [3(0+3)] +3:35.9,male10sprint
83,GOESSLING Raleigh,США,28:38.3 [4(3+1)] +3:37.1,male10sprint
84,FOUNTAIN Vinny,Великобритания,28:38.7 [3(2+1)] +3:37.5,male10sprint
85,ANGELIS Apostolos,Греция,28:40.9 [4(1+3)] +3:39.7,male10sprint
86,NEUMANN Michal,Польша,28:53.7 [5(2+3)] +3:52.5,male10sprint
87,PERV Joosep,Эстония,28:59.6 [3(1+2)] +3:58.4,male10sprint
88,DELDESH Dastan,Казахстан,29:06.3 [3(1+2)] +4:05.1,male10sprint
89,JAKELIUNAS Lukas,Литва,29:12.0 [3(1+2)] +4:10.8,male10sprint
90,PELTONIEMI Lauri,Финляндия,29:31.1 [3(1+2)] +4:29.9,male10sprint
91,GREGOR Matej,Словакия,30:08.1 [4(1+3)] +5:06.9,male10sprint
92,SENDREA Victor,Молдова,30:11.3 [0(0+0)] +5:10.1,male10sprint
93,KOSTELNIK Viliam,Словакия,30:47.1 [3(1+2)] +5:45.9,male10sprint
94,TSOUREKAS Nikolaos,Греция,30:47.5 [3(1+2)] +5:46.3,male10sprint
95,CESNEK Damian,Словакия,30:52.5 [6(2+4)] +5:51.3,male10sprint
96,GAIDUC Nicolae,Молдова,31:09.5 [4(2+2)] +6:08.3,male10sprint
97,STRBA Pavol,Словакия,32:26.7 [4(1+3)] +7:25.5,male10sprint
98,FOMINYKH Grigori,Эстония,32:44.2 [5(1+4)] +7:43.0,male10sprint
99,TERENTJEV Stepan,Литва,32:45.0 [8(3+5)] +7:43.8,male10sprint
1,WEIDEL Anna,Германия,26:13.7 [1(0+0+0+1)] 0.0,female10gonka
2,KRYVONOS Anna,Украина,26:23.1 [1(0+0+0+1)] +9.4,female10gonka
3,FEMSTEINEVIK Ragnhild,Норвегия,26:28.7 [2(0+0+0+2)] +15.0,female10gonka
4,JOHANSEN Marthe Krakstad,Норвегия,26:32.6 [1(0+0+1+0)] +18.9,female10gonka
5,ANDERSSON Ingela,Швеция,26:34.2 [3(0+1+0+2)] +20.5,female10gonka
6,FRUEHWIRT Juliane,Германия,26:41.4 [1(0+1+0+0)] +27.7,female10gonka
7,KEBINGER Hanna,Германия,26:42.5 [1(0+0+0+1)] +28.8,female10gonka
8,JEANMONNOT Lou,Франция,26:44.2 [0(0+0+0+0)] +30.5,female10gonka
9,SKREDE Aasne,Норвегия,26:48.1 [1(0+0+0+1)] +34.4,female10gonka
10,LINDQVIST Felicia,Швеция,26:54.0 [2(0+0+1+1)] +40.3,female10gonka
11,KALKENBERG Emilie Aagheim,Норвегия,27:01.7 [1(0+0+0+1)] +48.0,female10gonka
12,VASNETCOVA Valeriia,Россия,27:02.1 [2(1+1+0+0)] +48.4,female10gonka
13,EGOROVA Anastasiia,Россия,27:11.9 [3(1+0+2+0)] +58.2,female10gonka
14,ERDAL Karoline,Норвегия,27:22.4 [4(1+0+1+2)] +1:08.7,female10gonka
15,NOSKOVA Ekaterina,Россия,27:30.8 [4(0+0+3+1)] +1:17.1,female10gonka
16,VOLKEN Flurina,Швейцария,27:32.5 [3(1+0+1+1)] +1:18.8,female10gonka
17,DEIGENTESCH Marion,Германия,27:40.4 [3(0+0+2+1)] +1:26.7,female10gonka
18,JURCOVA Natalie,Чехия,27:49.5 [0(0+0+0+0)] +1:35.8,female10gonka
19,VOIGT Vanessa,Германия,28:05.8 [4(0+1+0+3)] +1:52.1,female10gonka
20,GERBULOVA Natalia,Россия,28:15.1 [3(0+0+1+2)] +2:01.4,female10gonka
21,NILSSON Stina,Швеция,28:21.3 [4(0+2+2+0)] +2:07.6,female10gonka
22,GUIGONNAT Gilonne,Франция,28:26.2 [2(1+1+0+0)] +2:12.5,female10gonka
23,BIELKINA Nadiia,Украина,28:27.3 [2(0+0+1+1)] +2:13.6,female10gonka
24,PETRENKO Iryna,Украина,28:35.9 [2(1+0+0+1)] +2:22.2,female10gonka
25,COMOLA Samuela,Италия,28:40.5 [2(0+0+2+0)] +2:26.8,female10gonka
26,KAPLINA Elizaveta,Россия,28:42.8 [2(2+0+0+0)] +2:29.1,female10gonka
27,HOEGBERG Elisabeth,Швеция,28:44.7 [4(2+1+0+1)] +2:31.0,female10gonka
28,COLOMBO Caroline,Франция,28:51.5 [6(1+3+2+0)] +2:37.8,female10gonka
29,SHEVNINA Polina,Россия,28:59.5 [4(1+0+1+2)] +2:45.8,female10gonka
30,SCHMIDT Elisabeth,Германия,29:00.9 [3(0+0+3+0)] +2:47.2,female10gonka
31,MARTON Eniko,Румыния,29:05.5 [4(0+0+1+3)] +2:51.8,female10gonka
32,LIND Annie,Швеция,29:13.8 [5(3+1+0+1)] +3:00.1,female10gonka
33,PHANEUF Madeleine,США,29:19.7 [5(1+0+2+2)] +3:06.0,female10gonka
34,MOSHCHENKOVA Olga,Россия,29:25.5 [3(0+1+1+1)] +3:11.8,female10gonka
35,LAARI Sanna,Финляндия,29:26.0 [3(0+1+1+1)] +3:12.3,female10gonka
36,FAUNER Eleonora,Италия,29:26.2 [3(0+0+3+0)] +3:12.5,female10gonka
37,MEIER-RUGE Ladina,Швейцария,29:37.7 [2(0+0+1+1)] +3:24.0,female10gonka
38,GONTIER Nicole,Италия,29:45.1 [6(2+1+2+1)] +3:31.4,female10gonka
39,SCHERER Stefanie,Германия,29:52.7 [3(1+2+0+0)] +3:39.0,female10gonka
40,COUPE Camille,Франция,29:54.2 [3(1+0+2+0)] +3:40.5,female10gonka
41,KUELM Susan,Эстония,29:56.1 [5(1+0+1+3)] +3:42.4,female10gonka
42,POLEDNOVA Klara,Чехия,30:02.7 [3(1+1+0+1)] +3:49.0,female10gonka
43,HENDEL Helene Therese,Германия,30:24.2 [5(1+2+0+2)] +4:10.5,female10gonka
44,LIGHTFOOT Amanda,Великобритания,30:32.1 [4(1+0+1+2)] +4:18.4,female10gonka
45,GWIZDON Magdalena,Польша,30:33.0 [4(0+0+1+3)] +4:19.3,female10gonka
46,TOMASZEWSKA Natalia,Польша,30:39.3 [6(0+2+3+1)] +4:25.6,female10gonka
47,KVELVANE Une Christiane Tronerud,Норвегия,30:47.7 [5(2+2+1+0)] +4:34.0,female10gonka
48,DMYTRENKO Valeriya,Украина,30:48.8 [2(0+1+0+1)] +4:35.1,female10gonka
49,PITON Karolina,Польша,30:51.7 [5(2+0+1+2)] +4:38.0,female10gonka
50,MEINEN Susanna,Швейцария,30:58.0 [9(4+1+3+1)] +4:44.3,female10gonka
51,TOLMACHEVA Anastasia,Румыния,31:04.1 [4(0+0+2+2)] +4:50.4,female10gonka
52,DI LALLO Sabine,Швейцария,31:18.1 [5(1+2+0+2)] +5:04.4,female10gonka
53,HEDSTROM Anna,Швеция,31:20.6 [9(2+1+3+3)] +5:06.9,female10gonka
54,VINKLARKOVA Tereza,Чехия,31:31.0 [7(1+2+1+3)] +5:17.3,female10gonka
55,TKADLECOVA Anna,Чехия,31:42.3 [5(3+0+2+0)] +5:28.6,female10gonka
56,REMENOVA Maria,Словакия,31:57.3 [6(1+2+1+2)] +5:43.6,female10gonka
57,COLEBOURN Jillian Wei-Lin,Австралия,32:30.3 [5(1+0+2+2)] +6:16.6,female10gonka
1,STROEMSHEIM Endre,Норвегия,30:29.8 [1(0+0+0+1)] 0.0,male125gonka
2,BAKKEN Sivert Guttorm,Норвегия,30:31.2 [2(0+1+0+1)] +1.4,male125gonka
3,ANDERSEN Aleksander Fjeld,Норвегия,30:38.5 [1(0+1+0+0)] +8.7,male125gonka
4,STRELOW Justus,Германия,30:46.9 [0(0+0+0+0)] +17.1,male125gonka
5,ZOBEL David,Германия,31:10.6 [2(0+1+1+0)] +40.8,male125gonka
6,ANDERSEN Filip Fjeld,Норвегия,31:20.2 [3(0+0+2+1)] +50.4,male125gonka
7,HORN Philipp,Германия,31:23.5 [4(0+1+2+1)] +53.7,male125gonka
8,SUCHILOV Semen,Россия,31:26.2 [2(0+1+0+1)] +56.4,male125gonka
9,BOGETVEIT Haavard Gutuboe,Норвегия,31:31.0 [3(1+0+1+1)] +1:01.2,male125gonka
10,TKALENKO Ruslan,Украина,31:32.1 [3(2+1+0+0)] +1:02.3,male125gonka
11,PORSHNEV Nikita,Россия,31:43.9 [1(0+1+0+0)] +1:14.1,male125gonka
12,LAITINEN Heikki,Финляндия,31:44.1 [1(0+1+0+0)] +1:14.3,male125gonka
13,YALIOTNAU Raman,Беларусь,31:50.6 [4(1+1+1+1)] +1:20.8,male125gonka
14,MONTELLO Giuseppe,Италия,31:50.8 [3(0+0+1+2)] +1:21.0,male125gonka
15,JAKOB Patrick,Австрия,31:56.2 [1(0+0+1+0)] +1:26.4,male125gonka
16,BURKHALTER Joscha,Швейцария,31:58.6 [2(1+0+1+0)] +1:28.8,male125gonka
17,IDINOV Evgenii,Россия,32:00.4 [2(1+1+0+0)] +1:30.6,male125gonka
18,CAPPELLARI Daniele,Италия,32:01.9 [1(0+1+0+0)] +1:32.1,male125gonka
19,BRAUNHOFER Patrick,Италия,32:02.1 [1(0+0+0+1)] +1:32.3,male125gonka
20,FRATZSCHER Lucas,Германия,32:11.9 [4(0+1+0+3)] +1:42.1,male125gonka
21,NAWRATH Philipp,Германия,32:13.4 [7(1+2+1+3)] +1:43.6,male125gonka
22,BJOENTEGAARD Erlend,Норвегия,32:26.4 [5(4+0+0+1)] +1:56.6,male125gonka
23,STRELTSOV Kirill,Россия,32:30.9 [2(1+0+1+0)] +2:01.1,male125gonka
24,DONHAUSER Johannes Werner,Германия,32:31.0 [4(1+1+2+0)] +2:01.2,male125gonka
25,STALDER Sebastian,Швейцария,32:41.2 [3(1+1+0+1)] +2:11.4,male125gonka
26,BROUTIER Remi,Франция,32:41.7 [4(1+0+2+1)] +2:11.9,male125gonka
27,ROMANIN Nicola,Италия,32:42.1 [4(1+0+1+2)] +2:12.3,male125gonka
28,VACLAVIK Adam,Чехия,32:42.2 [4(2+1+1+0)] +2:12.4,male125gonka
29,KRUPCIK Tomas,Чехия,32:43.6 [2(1+0+0+1)] +2:13.8,male125gonka
30,STEGMAYR Gabriel,Швеция,32:43.7 [2(0+0+0+2)] +2:13.9,male125gonka
31,TOMSHIN Vasilii,Россия,32:54.2 [2(1+0+0+1)] +2:24.4,male125gonka
32,RIVAIL Hugo,Франция,33:01.6 [3(0+1+1+1)] +2:31.8,male125gonka
33,PITZER Lucas,Австрия,33:04.3 [2(0+1+0+1)] +2:34.5,male125gonka
34,TELEN Serhiy,Украина,33:06.1 [1(0+0+0+1)] +2:36.3,male125gonka
35,HOMBERG Niklas,Германия,33:07.5 [3(0+1+1+1)] +2:37.7,male125gonka
36,EBERHARD Tobias,Австрия,33:12.4 [5(2+1+1+1)] +2:42.6,male125gonka
37,DOTSENKO Andriy,Украина,33:20.9 [7(1+2+2+2)] +2:51.1,male125gonka
38,GROSS Marco,Германия,33:21.4 [3(1+1+0+1)] +2:51.6,male125gonka
39,SALUTT Nico,Швейцария,33:40.9 [4(0+1+2+1)] +3:11.1,male125gonka
40,LESIUK Taras,Украина,33:41.1 [3(0+0+2+1)] +3:11.3,male125gonka
41,ZINI Saverio,Италия,33:55.4 [4(1+1+1+1)] +3:25.6,male125gonka
42,RASTIC Damir,Сербия,34:01.5 [3(1+0+1+1)] +3:31.7,male125gonka
43,HALLSTROEM Simon,Швеция,34:10.4 [4(0+1+1+2)] +3:40.6,male125gonka
44,AUSEYENKA Ilya,Беларусь,34:32.3 [5(1+1+1+2)] +4:02.5,male125gonka
45,BUTA Florin-Catalin,Румыния,34:43.2 [1(1+0+0+0)] +4:13.4,male125gonka
46,BOURGEOIS REPUBLIQUE Martin,Франция,34:55.6 [7(3+0+2+2)] +4:25.8,male125gonka
47,MUSTONEN Joni,Финляндия,34:55.8 [5(3+0+1+1)] +4:26.0,male125gonka
48,CAMPBELL Carsen,США,34:56.5 [3(1+1+1+0)] +4:26.7,male125gonka
49,COLTEA George Marian,Румыния,35:18.7 [6(1+2+1+2)] +4:48.9,male125gonka
50,TAMBORNINO Eligius,Швейцария,35:29.6 [8(0+3+2+3)] +4:59.8,male125gonka
51,TRUSH Vitaliy,Украина,35:35.9 [1(0+0+1+0)] +5:06.1,male125gonka
52,LEITINGER Nikolaus,Австрия,35:39.4 [4(1+1+1+1)] +5:09.6,male125gonka
53,BOVISI Sandro,Швейцария,35:42.4 [4(2+2+0+0)] +5:12.6,male125gonka
54,BRANDT Oskar,Швеция,35:44.0 [7(1+1+2+3)] +5:14.2,male125gonka
55,NASYKO Denys,Украина,35:44.4 [9(1+2+4+2)] +5:14.6,male125gonka
56,KODAMA Shohei,Япония,36:07.8 [3(1+0+0+2)] +5:38.0,male125gonka
57,KUPPELWIESER Jan,Италия,36:13.1 [5(1+1+2+1)] +5:43.3,male125gonka
58,DUICU Adelin Miodrag,Румыния,36:17.0 [4(3+0+1+0)] +5:47.2,male125gonka
59,BRYHADYR Ruslan,Украина,37:34.6 [5(1+1+2+1)] +7:04.8,male125gonka